TRANS_DATE,TRANS_CODE,TRANS_SHARES
2022-07-26,S,1100.0
2022-07-26,S,400.0
2022-07-27,S,404.0
2022-07-26,S,400.0
2022-07-26,S,100.0
2022-09-18,M,236.0
2022-09-18,M,236.0
2022-07-18,S,6700.0
2022-07-18,C,6700.0
2022-08-12,S,404.0
2022-08-12,S,500.0
2022-08-12,S,1400.0
2022-08-12,S,100.0
2022-07-12,S,300.0
2022-07-12,S,600.0
2022-07-12,S,1000.0
2022-07-12,S,100.0
2022-07-13,S,404.0
2022-09-09,M,14383.0
2022-09-09,F,6661.0
2022-09-09,F,9.0
2022-09-09,M,25.0
2022-07-08,F,1594.0
2022-07-08,M,4469.0
2022-07-09,F,5755.0
2022-07-09,M,14384.0
2022-07-08,F,4309.0
2022-07-08,M,6328.0
2022-07-08,F,3236.0
2022-07-08,M,8427.0
2022-07-12,S,2319.0
2022-08-09,S,800.0
2022-08-09,S,200.0
2022-08-09,S,200.0
2022-08-10,S,404.0
2022-08-09,S,200.0
2022-08-09,S,200.0
2022-08-09,S,400.0
2022-09-07,M,126.0
2022-09-04,F,815.0
2022-09-04,M,1710.0
2022-07-05,M,877.0
2022-07-05,F,304.0
2022-08-01,S,1393.0
2022-08-01,S,1200.0
2022-08-01,C,6700.0
2022-08-01,S,300.0
2022-08-01,S,600.0
2022-08-01,S,3207.0
2020-10-28,S,1100.0
2020-10-28,S,1500.0
2020-10-28,S,500.0
2020-10-28,S,1200.0
2020-10-28,S,400.0
2020-10-28,S,700.0
2020-10-28,S,100.0
2020-10-28,S,400.0
2020-10-28,S,500.0
2020-10-28,S,100.0
2020-10-28,S,100.0
2020-10-28,S,200.0
2020-10-28,C,177285.0
2020-10-28,G,107143.0
2020-10-28,S,1724.0
2020-10-28,S,4751.0
2020-10-28,S,7423.0
2020-10-28,S,7934.0
2020-10-28,S,7331.0
2020-10-28,S,5945.0
2020-10-28,S,3898.0
2020-10-28,S,4610.0
2020-10-28,S,5264.0
2020-10-28,S,4362.0
2020-10-28,S,3501.0
2020-10-28,S,3774.0
2020-10-28,S,1325.0
2020-10-28,S,1500.0
2020-10-29,S,2523.0
2020-10-29,S,4303.0
2020-10-29,S,2350.0
2020-10-29,S,650.0
2020-10-29,S,400.0
2020-10-29,S,400.0
2020-10-29,S,700.0
2020-10-29,S,200.0
2020-10-29,S,400.0
2020-10-29,S,300.0
2020-10-29,S,400.0
2020-10-29,S,300.0
2020-10-29,S,200.0
2020-10-29,S,300.0
2020-10-29,S,700.0
2020-10-29,D,400.0
2020-10-29,C,70142.0
2020-10-29,S,4633.0
2020-10-29,S,7657.0
2020-10-29,S,8615.0
2020-10-29,S,9910.0
2020-10-29,S,5985.0
2020-10-29,S,3022.0
2020-10-29,S,3723.0
2020-10-29,S,3985.0
2020-10-29,S,2649.0
2020-10-29,S,4134.0
2020-10-29,S,1303.0
2020-12-28,C,140.0
2020-12-28,G,140.0
2020-12-29,C,266666.0
2020-12-29,G,266666.0
2020-12-23,C,647046.0
2020-12-23,C,8019.0
2020-12-23,C,1881644.0
2020-12-23,C,122449.0
2020-12-23,C,19452.0
2020-12-22,C,597300.0
2020-12-22,C,4902700.0
2020-12-18,M,236.0
2020-12-18,M,236.0
2020-10-16,S,7500.0
2020-12-16,C,177285.0
2020-12-16,S,600.0
2020-12-16,S,1000.0
2020-12-16,S,1100.0
2020-12-16,S,3592.0
2020-12-16,S,6754.0
2020-12-16,S,3827.0
2020-12-16,S,2937.0
2020-12-16,S,4101.0
2020-12-16,S,14239.0
2020-12-16,S,15659.0
2020-12-16,S,12569.0
2020-12-16,S,2500.0
2020-12-16,S,1264.0
2020-12-16,G,107143.0
2020-12-17,C,70142.0
2020-12-17,S,8606.0
2020-12-17,S,10201.0
2020-12-17,S,18723.0
2020-12-17,S,25613.0
2020-12-17,S,3424.0
2020-12-17,S,836.0
2020-12-17,S,2139.0
2020-12-17,S,600.0
2020-12-15,S,1902.0
2020-12-15,S,1400.0
2020-12-15,S,1648.0
2020-12-15,S,900.0
2020-12-15,S,400.0
2020-12-15,S,200.0
2020-12-15,S,300.0
2020-12-15,S,350.0
2020-12-15,S,500.0
2020-12-15,S,700.0
2020-12-15,S,300.0
2020-12-15,S,100.0
2020-12-15,S,100.0
2020-12-15,C,10000.0
2020-12-15,S,1200.0
2020-10-12,C,9375.0
2020-10-12,S,700.0
2020-10-12,S,900.0
2020-10-12,S,877.0
2020-10-12,S,1197.0
2020-10-12,S,800.0
2020-10-12,S,1154.0
2020-10-12,S,704.0
2020-10-12,S,2041.0
2020-10-12,S,1002.0
2020-12-10,F,10572.0
2020-12-10,M,21875.0
2020-10-08,S,300.0
2020-10-08,S,300.0
2020-10-08,S,284.0
2020-10-08,C,3125.0
2020-10-08,S,1000.0
2020-10-08,S,614.0
2020-10-08,S,427.0
2020-10-08,S,100.0
2020-10-08,S,100.0
2020-11-04,S,7500.0
2020-11-02,C,2000.0
2020-11-02,S,2000.0
2023-03-28,C,3224.0
2023-03-28,S,300.0
2023-03-28,S,2924.0
2023-03-28,S,565.0
2023-03-28,S,6435.0
2023-01-25,C,3224.0
2023-01-25,S,824.0
2023-01-25,S,1000.0
2023-01-25,S,1400.0
2023-03-21,S,3067.0
2023-03-21,S,3270.0
2023-03-21,S,663.0
2023-03-18,M,236.0
2023-03-18,M,236.0
2023-03-13,C,3224.0
2023-03-13,S,402.0
2023-03-13,S,400.0
2023-03-13,S,1722.0
2023-03-13,S,700.0
2023-03-14,S,3610.0
2023-03-14,S,3190.0
2023-03-14,S,200.0
2023-03-09,M,196.0
2023-03-09,F,70.0
2023-03-09,M,4223.0
2023-03-09,F,2182.0
2023-01-10,S,2124.0
2023-01-10,S,1100.0
2023-01-10,C,3224.0
2023-01-11,S,4801.0
2023-01-09,M,14384.0
2023-01-09,F,4783.0
2023-01-08,M,18576.0
2023-01-08,F,5874.0
2023-01-08,F,6158.0
2023-01-08,M,16432.0
2023-01-08,F,17044.0
2023-01-08,M,38281.0
2023-01-08,F,5322.0
2023-01-08,M,14755.0
2023-01-10,S,2993.0
2023-02-09,C,3224.0
2023-02-09,S,101.0
2023-02-09,S,726.0
2023-02-09,S,662.0
2023-02-09,S,1735.0
2023-03-07,M,126.0
2023-01-05,F,1889.0
2023-01-05,M,4861.0
2023-03-06,S,4616.0
2023-03-04,F,848.0
2023-03-04,M,1710.0
2023-03-06,S,2384.0
2023-03-01,S,6900.0
2023-03-01,S,700.0
2023-03-01,S,1100.0
2023-03-01,S,700.0
2023-03-01,S,700.0
2023-03-01,S,3900.0
2023-03-01,C,3224.0
2023-03-01,S,100.0
2023-03-01,S,376.0
2023-03-01,S,1551.0
2023-03-01,S,891.0
2023-03-01,S,306.0
2022-06-28,S,500.0
2022-06-28,S,400.0
2022-06-29,S,404.0
2022-06-28,S,200.0
2022-06-28,S,200.0
2022-06-28,S,600.0
2022-06-28,S,100.0
2022-06-29,C,6700.0
2022-06-29,S,1400.0
2022-06-29,S,100.0
2022-06-29,S,1600.0
2022-06-29,S,3600.0
2022-05-25,C,6700.0
2022-05-25,S,6700.0
2022-04-25,C,6700.0
2022-04-25,S,6700.0
2022-06-18,M,236.0
2022-06-18,M,236.0
2022-04-19,S,100.0
2022-04-20,S,404.0
2022-04-19,S,1000.0
2022-04-19,S,400.0
2022-04-19,S,200.0
2022-04-19,S,100.0
2022-04-19,S,200.0
2022-05-13,S,404.0
2022-05-13,S,2000.0
2022-06-15,M,476.0
2022-06-15,M,86.0
2022-06-15,M,25.0
2022-06-14,S,200.0
2022-06-14,S,300.0
2022-06-14,S,800.0
2022-06-14,S,400.0
2022-06-14,S,300.0
2022-06-15,S,2069.0
2022-06-13,S,2900.0
2022-06-13,C,6700.0
2022-06-13,S,100.0
2022-06-13,S,2700.0
2022-06-13,S,1000.0
2022-04-08,M,6327.0
2022-04-12,S,2256.0
2022-04-08,F,3319.0
2022-04-08,S,2100.0
2022-04-08,S,2700.0
2022-04-08,S,1800.0
2022-04-08,C,6700.0
2022-04-08,S,100.0
2022-06-08,F,105.0
2022-06-08,M,225.0
2022-06-08,F,61.0
2022-06-08,M,139.0
2022-06-08,M,139.0
2022-06-08,F,50.0
2022-06-08,M,225.0
2022-06-08,F,80.0
2022-06-07,M,126.0
2022-06-04,M,1711.0
2022-06-04,F,595.0
2022-04-05,M,876.0
2022-04-05,F,319.0
2022-04-06,S,404.0
2022-04-05,S,1200.0
2022-04-05,S,400.0
2022-04-05,S,300.0
2022-04-05,S,100.0
2022-05-04,S,404.0
2022-05-03,S,100.0
2022-05-03,S,200.0
2022-05-03,S,800.0
2022-05-03,S,900.0
2022-05-02,M,25.0
2022-05-02,M,87.0
2022-05-31,S,200.0
2022-05-31,S,200.0
2022-05-31,S,600.0
2022-05-31,S,1000.0
2022-05-27,S,1200.0
2022-05-27,S,1900.0
2022-05-27,S,1200.0
2022-05-27,S,1200.0
2022-05-27,S,1200.0
2022-05-27,C,6700.0
2019-10-28,C,6850.0
2019-10-28,S,7322.0
2019-10-28,S,5724.0
2019-11-25,C,6850.0
2019-11-25,S,13046.0
2019-10-22,S,20000.0
2019-12-23,S,13046.0
2019-12-23,C,6850.0
2019-10-18,C,11067.0
2019-10-18,S,5397.0
2019-10-18,S,5670.0
2019-11-18,C,222850.0
2019-11-18,C,27150.0
2019-11-18,C,27150.0
2019-11-18,C,222850.0
2019-11-18,S,13191.0
2019-11-18,S,3206.0
2019-11-18,S,400.0
2019-11-18,S,3289.0
2019-11-18,S,7678.0
2019-11-18,S,100.0
2019-11-18,C,11067.0
2019-12-18,S,3595.0
2019-12-18,S,7472.0
2019-12-16,C,445700.0
2019-12-16,C,54300.0
2019-12-16,C,445700.0
2019-12-16,C,54300.0
2019-04-15,S,340000.0
2019-04-15,C,1340000.0
2019-10-15,C,122450.0
2019-10-15,C,1881643.0
2019-10-15,C,8021.0
2019-10-15,C,647046.0
2019-10-15,C,122450.0
2019-10-15,C,8021.0
2019-10-15,C,647046.0
2019-10-15,C,1881643.0
2019-10-15,S,4196.0
2019-10-15,S,2000.0
2019-10-15,C,1881643.0
2019-10-15,C,8021.0
2019-10-15,C,122450.0
2019-10-15,C,647046.0
2019-10-15,S,24973.0
2019-10-15,S,10757.0
2019-10-15,C,37500.0
2019-10-15,S,1770.0
2019-11-11,S,12646.0
2019-11-11,S,400.0
2019-11-11,C,6850.0
2019-11-08,S,3125.0
2019-11-08,C,3125.0
2019-12-09,C,647046.0
2019-12-09,C,8021.0
2019-12-09,C,1881643.0
2019-12-09,C,122450.0
2019-12-09,C,38908.0
2019-12-09,S,7369.0
2019-12-09,C,6850.0
2019-12-09,S,5677.0
2019-12-09,C,647046.0
2019-12-09,C,8021.0
2019-12-09,C,1881643.0
2019-12-09,C,122450.0
2019-12-09,C,38908.0
2019-12-09,C,38908.0
2019-12-09,C,1881643.0
2019-12-09,C,647046.0
2019-12-09,C,8021.0
2019-12-09,C,122450.0
2019-12-06,S,9552.0
2019-12-06,S,790.0
2019-12-06,S,9658.0
2019-11-04,S,17307.0
2019-11-04,S,2693.0
2019-09-30,C,16797.0
2019-10-30,S,100000.0
2021-12-27,S,3800.0
2021-12-27,S,1200.0
2021-12-27,S,500.0
2021-12-27,C,6700.0
2021-12-27,S,1200.0
2021-10-20,C,6700.0
2021-10-20,S,399.0
2021-10-20,S,2100.0
2021-10-20,S,2801.0
2021-10-20,S,580.0
2021-10-20,S,520.0
2021-10-20,S,100.0
2021-10-20,S,200.0
2021-10-19,S,1912.0
2021-12-17,S,1065.0
2021-12-18,M,236.0
2021-12-18,M,236.0
2021-12-17,S,2500.0
2021-12-17,C,2500.0
2021-10-14,S,1406.0
2021-10-14,S,727.0
2021-10-14,S,1307.0
2021-10-14,S,3753.0
2021-10-14,S,3423.0
2021-10-14,S,3370.0
2021-10-14,S,1591.0
2021-10-14,C,11545.0
2021-10-14,C,4080.0
2021-10-14,S,252.0
2021-10-14,S,7294.0
2021-10-14,S,6757.0
2021-10-14,S,19073.0
2021-10-14,S,17707.0
2021-10-14,S,17419.0
2021-10-14,S,8254.0
2021-10-14,C,80529.0
2021-10-14,S,48.0
2021-10-14,S,3773.0
2021-12-15,S,1090.0
2021-12-15,S,2299.0
2021-12-15,S,12320.0
2021-12-15,S,2264.0
2021-12-15,S,2369.0
2021-12-15,S,6937.0
2021-12-15,S,12792.0
2021-12-15,S,12925.0
2021-12-15,S,10021.0
2021-12-15,S,13084.0
2021-12-15,S,4428.0
2021-12-15,C,80529.0
2021-12-15,S,210.0
2021-12-15,S,443.0
2021-12-15,S,2381.0
2021-12-15,S,436.0
2021-12-15,S,456.0
2021-12-15,S,1339.0
2021-12-15,S,2547.0
2021-12-15,S,2503.0
2021-12-15,S,1933.0
2021-12-15,S,2527.0
2021-12-15,S,850.0
2021-12-15,C,4080.0
2021-12-15,C,11545.0
2021-12-16,S,5088.0
2021-12-16,S,840.0
2021-12-16,S,10448.0
2021-12-16,C,4080.0
2021-12-16,S,20094.0
2021-12-16,S,5209.0
2021-12-16,S,7084.0
2021-12-16,S,16408.0
2021-12-16,S,10417.0
2021-12-16,S,4940.0
2021-12-16,C,80528.0
2021-12-16,S,160.0
2021-12-16,S,987.0
2021-12-16,S,2019.0
2021-12-16,S,3899.0
2021-12-16,S,1008.0
2021-12-16,S,1402.0
2021-12-16,S,3180.0
2021-12-16,S,2016.0
2021-12-16,S,954.0
2021-12-16,C,11545.0
2021-12-13,S,50.0
2021-12-10,A,50.0
2021-10-13,S,2235.0
2021-10-13,S,4940.0
2021-10-13,S,3259.0
2021-10-13,S,445.0
2021-10-13,C,80529.0
2021-10-13,S,1903.0
2021-10-13,S,1353.0
2021-10-13,S,1274.0
2021-10-13,S,5540.0
2021-10-13,S,8024.0
2021-10-13,S,2024.0
2021-10-13,S,4177.0
2021-10-13,S,11553.0
2021-10-13,S,25513.0
2021-10-13,S,16856.0
2021-10-13,S,2312.0
2021-10-13,C,4080.0
2021-10-13,C,11545.0
2021-10-13,S,365.0
2021-10-13,S,259.0
2021-10-13,S,246.0
2021-10-13,S,1066.0
2021-10-13,S,1547.0
2021-10-13,S,394.0
2021-10-13,S,869.0
2021-12-10,M,21875.0
2021-12-10,F,11216.0
2021-10-12,S,2354.0
2021-10-08,F,3188.0
2021-10-08,M,6327.0
2021-11-08,S,444.0
2021-11-08,S,1631.0
2021-11-08,S,8049.0
2021-11-08,S,4487.0
2021-11-08,S,1014.0
2021-11-08,C,11545.0
2021-11-08,S,2317.0
2021-11-08,S,8457.0
2021-11-08,S,41279.0
2021-11-08,S,23191.0
2021-11-08,S,5285.0
2021-11-08,C,80529.0
2021-11-08,C,4080.0
2021-11-09,S,1567.0
2021-11-09,S,1969.0
2021-11-09,S,696.0
2021-11-09,S,1069.0
2021-11-09,S,1442.0
2021-11-09,S,5247.0
2021-11-09,S,3203.0
2021-11-09,C,11545.0
2021-11-09,C,4080.0
2021-11-09,S,2239.0
2021-11-09,S,10164.0
2021-11-09,S,8101.0
2021-11-09,S,3617.0
2021-11-09,S,5285.0
2021-11-09,S,432.0
2021-11-09,C,80529.0
2021-11-09,S,16545.0
2021-11-09,S,27101.0
2021-11-09,S,7477.0
2021-12-08,S,700.0
2021-12-08,S,638.0
2021-12-08,S,131.0
2021-12-08,S,1366.0
2021-12-08,C,6700.0
2021-12-08,S,237.0
2021-12-08,S,300.0
2021-12-08,S,400.0
2021-12-08,S,500.0
2021-12-08,S,300.0
2021-12-08,S,2128.0
2021-11-05,S,1100.0
2021-11-05,S,1500.0
2021-11-05,S,100.0
2021-11-05,S,100.0
2021-11-05,S,500.0
2021-11-05,S,400.0
2021-11-05,S,300.0
2021-11-05,S,800.0
2021-11-05,S,200.0
2021-11-05,S,1000.0
2021-11-05,C,6700.0
2021-11-05,S,700.0
2021-12-07,M,126.0
2021-10-05,F,987.0
2021-10-05,M,2762.0
2021-10-05,S,1913.0
2021-12-04,F,844.0
2021-12-04,M,1710.0
2021-10-04,C,6700.0
2021-10-04,S,3580.0
2021-10-04,S,820.0
2021-10-04,S,500.0
2021-10-04,S,100.0
2021-10-04,S,400.0
2021-10-04,S,500.0
2021-10-04,S,100.0
2021-10-04,S,200.0
2021-10-04,S,500.0
2021-11-02,M,25.0
2021-11-02,M,87.0
2021-11-02,S,184.0
2021-11-02,S,1912.0
2021-11-29,C,6700.0
2021-11-29,S,6700.0
2022-01-26,S,400.0
2022-01-26,S,1300.0
2022-01-26,S,1500.0
2022-01-26,S,730.0
2022-01-26,S,567.0
2022-01-26,S,100.0
2022-01-26,S,200.0
2022-01-26,S,100.0
2022-01-26,S,300.0
2022-01-26,S,700.0
2022-01-26,C,6700.0
2022-01-26,S,803.0
2022-03-22,S,300.0
2022-03-22,S,300.0
2022-03-22,S,900.0
2022-03-22,S,500.0
2022-03-22,S,1449.0
2022-03-21,C,6700.0
2022-03-21,S,800.0
2022-03-21,S,800.0
2022-03-21,S,500.0
2022-03-21,S,1100.0
2022-03-21,S,700.0
2022-03-21,S,2800.0
2022-03-21,G,540.0
2022-03-21,C,540.0
2022-03-18,M,236.0
2022-03-18,M,236.0
2021-12-04,F,866.0
2021-12-04,M,1710.0
2022-01-18,S,2973.0
2022-01-18,S,3627.0
2022-01-18,S,9672.0
2022-01-18,C,4080.0
2022-01-18,C,11545.0
2022-01-18,S,994.0
2022-01-18,S,752.0
2022-01-18,S,5304.0
2022-01-18,S,3039.0
2022-01-18,S,1867.0
2022-01-18,S,696.0
2022-01-18,C,80529.0
2022-01-18,S,5150.0
2022-01-18,S,3895.0
2022-01-18,S,27389.0
2022-01-18,S,15429.0
2022-01-18,S,15367.0
2022-01-19,C,4080.0
2022-01-19,C,11545.0
2022-01-19,S,3926.0
2022-01-19,S,2961.0
2022-01-19,S,2344.0
2022-01-19,S,2788.0
2022-01-19,S,3049.0
2022-01-19,S,557.0
2022-01-19,C,80528.0
2022-01-19,S,20241.0
2022-01-19,S,15272.0
2022-01-19,S,12086.0
2022-01-19,S,14314.0
2022-01-19,S,15719.0
2022-01-19,S,2896.0
2022-02-14,S,1000.0
2022-02-14,S,1400.0
2022-02-14,S,1100.0
2022-02-14,S,1500.0
2022-02-14,S,300.0
2022-02-14,C,6700.0
2022-02-14,S,1400.0
2022-03-10,F,10132.0
2022-03-10,M,21875.0
2022-01-10,C,6700.0
2022-01-10,S,900.0
2022-01-10,S,978.0
2022-01-10,S,1400.0
2022-01-10,S,754.0
2022-01-10,S,1400.0
2022-01-10,S,68.0
2022-01-10,S,500.0
2022-01-10,S,700.0
2022-03-09,M,25.0
2022-03-09,F,9.0
2022-01-08,M,6328.0
2022-01-10,S,2986.0
2022-01-08,F,2347.0
2022-02-10,S,1150.0
2022-02-10,S,2115.0
2022-02-10,S,2055.0
2022-02-10,S,2465.0
2022-02-10,S,1196.0
2022-02-10,S,3215.0
2022-02-10,S,2356.0
2022-02-10,S,993.0
2022-02-10,S,420.0
2022-02-10,S,16598.0
2022-02-10,S,6075.0
2022-02-10,S,12730.0
2022-02-10,S,10593.0
2022-02-10,S,10906.0
2022-02-10,S,5938.0
2022-02-10,C,80528.0
2022-02-10,S,80.0
2022-02-10,C,11545.0
2022-02-10,C,4080.0
2022-02-10,S,12143.0
2022-02-10,S,5125.0
2022-02-09,S,27531.0
2022-02-09,S,18144.0
2022-02-09,C,4080.0
2022-02-09,C,11545.0
2022-02-09,S,1328.0
2022-02-09,S,1947.0
2022-02-09,S,1466.0
2022-02-09,S,2032.0
2022-02-09,S,5334.0
2022-02-09,S,3518.0
2022-02-09,C,80529.0
2022-02-09,S,6865.0
2022-02-09,S,10052.0
2022-02-09,S,7591.0
2022-02-09,S,10346.0
2022-03-08,S,2319.0
2022-03-08,S,5634.0
2022-03-08,S,15723.0
2022-03-08,S,16067.0
2022-03-08,S,18575.0
2022-03-08,S,9870.0
2022-03-08,S,8805.0
2022-03-08,S,1089.0
2022-03-08,C,80529.0
2022-03-08,S,468.0
2022-03-08,S,1704.0
2022-03-08,S,1905.0
2022-03-08,S,3645.0
2022-03-08,S,3111.0
2022-03-08,S,3046.0
2022-03-08,S,1090.0
2022-03-08,S,2447.0
2022-03-08,S,211.0
2022-03-08,C,11545.0
2022-03-08,C,4080.0
2022-03-08,S,445.0
2022-03-09,S,4426.0
2022-03-09,S,4615.0
2022-03-09,S,6459.0
2022-03-09,C,11545.0
2022-03-09,S,33280.0
2022-03-09,S,656.0
2022-03-09,S,22821.0
2022-03-09,S,23771.0
2022-03-09,S,125.0
2022-03-09,C,80528.0
2022-03-09,C,4080.0
2022-03-04,M,1710.0
2022-03-04,F,665.0
2022-03-07,M,126.0
2022-01-05,F,370.0
2022-01-05,M,875.0
2022-03-02,S,700.0
2022-03-02,S,1800.0
2022-03-02,S,1400.0
2022-03-02,S,300.0
2022-03-02,S,1200.0
2022-03-02,S,700.0
2022-03-02,C,6700.0
2022-03-02,S,600.0
2021-12-30,C,17075.0
2022-02-02,M,25.0
2022-02-02,M,87.0
2020-09-24,S,6638.0
2020-09-24,S,9788.0
2020-09-24,S,7920.0
2020-09-24,S,5347.0
2020-09-24,S,3125.0
2020-09-24,S,2654.0
2020-09-24,S,2300.0
2020-09-24,S,2000.0
2020-09-24,S,1300.0
2020-09-24,S,1203.0
2020-09-24,S,842.0
2020-09-24,S,800.0
2020-09-24,S,300.0
2020-09-24,S,225.0
2020-09-24,S,300.0
2020-09-24,S,400.0
2020-09-24,S,500.0
2020-09-24,S,1162.0
2020-09-24,S,338.0
2020-09-24,S,900.0
2020-09-24,C,70142.0
2020-09-24,S,440.0
2020-09-24,S,360.0
2020-09-24,S,550.0
2020-09-24,S,992.0
2020-09-24,S,1822.0
2020-09-24,S,2361.0
2020-09-24,S,2672.0
2020-09-24,S,2622.0
2020-09-24,S,4681.0
2020-09-24,S,805.0
2020-09-24,S,1195.0
2020-09-24,S,702.0
2020-09-24,S,1100.0
2020-09-24,S,1798.0
2020-09-23,S,2802.0
2020-09-23,S,1963.0
2020-09-23,S,894.0
2020-09-23,S,1962.0
2020-09-23,S,1891.0
2020-09-23,S,1303.0
2020-09-23,S,2273.0
2020-09-23,S,1781.0
2020-09-23,S,557.0
2020-09-23,S,1200.0
2020-09-23,S,1520.0
2020-09-23,S,1448.0
2020-09-23,S,1552.0
2020-09-23,S,2900.0
2020-09-23,S,3060.0
2020-09-23,S,7887.0
2020-09-23,C,70143.0
2020-09-23,S,1900.0
2020-09-23,S,1200.0
2020-09-23,S,1800.0
2020-09-23,S,1739.0
2020-09-23,S,1500.0
2020-09-23,S,1026.0
2020-09-23,S,2003.0
2020-09-23,S,100.0
2020-09-23,S,100.0
2020-09-23,S,100.0
2020-09-23,S,100.0
2020-09-23,S,600.0
2020-09-23,S,300.0
2020-09-23,S,1519.0
2020-09-23,S,893.0
2020-09-23,S,1200.0
2020-09-23,S,1568.0
2020-09-23,G,107143.0
2020-09-23,S,3240.0
2020-09-23,S,5555.0
2020-09-23,S,6606.0
2020-09-23,C,107143.0
2020-09-23,S,134.0
2020-09-23,S,1967.0
2020-09-18,M,236.0
2020-09-18,M,236.0
2020-09-18,S,600.0
2020-09-18,S,400.0
2020-09-18,S,800.0
2020-09-18,S,900.0
2020-09-18,S,453.0
2020-09-18,S,1100.0
2020-09-18,S,400.0
2020-09-18,S,1000.0
2020-09-18,S,1300.0
2020-09-18,S,610.0
2020-09-18,S,300.0
2020-09-18,S,200.0
2020-09-18,S,500.0
2020-09-18,S,390.0
2020-09-18,S,400.0
2020-09-18,S,303.0
2020-09-18,S,200.0
2020-09-18,S,400.0
2020-09-18,S,600.0
2020-09-18,S,110.0
2020-09-18,C,11066.0
2020-09-18,S,100.0
2020-07-20,S,1800.0
2020-07-20,C,9375.0
2020-07-20,S,607.0
2020-07-20,S,500.0
2020-07-20,S,200.0
2020-07-20,S,1700.0
2020-07-20,S,300.0
2020-07-20,S,1000.0
2020-07-20,S,980.0
2020-07-20,S,790.0
2020-07-20,S,1498.0
2020-07-17,S,500.0
2020-07-17,S,400.0
2020-07-17,S,1800.0
2020-07-17,S,2701.0
2020-07-17,S,300.0
2020-07-17,S,200.0
2020-07-17,C,11066.0
2020-07-17,S,5165.0
2020-07-16,S,7500.0
2020-08-18,C,11066.0
2020-08-18,S,300.0
2020-08-18,S,1100.0
2020-08-18,S,1100.0
2020-08-18,S,600.0
2020-08-18,S,1710.0
2020-08-18,S,1400.0
2020-08-18,S,2812.0
2020-08-18,S,1500.0
2020-08-18,S,320.0
2020-08-18,S,224.0
2020-08-17,S,2800.0
2020-08-17,S,700.0
2020-08-17,S,800.0
2020-08-17,S,1600.0
2020-08-17,S,1511.0
2020-08-17,S,200.0
2020-08-17,S,470.0
2020-08-17,S,394.0
2020-08-17,C,9375.0
2020-08-17,S,900.0
2020-09-15,S,1001.0
2020-09-15,S,500.0
2020-09-15,S,714.0
2020-09-15,S,1081.0
2020-09-15,S,600.0
2020-09-15,S,600.0
2020-09-15,S,700.0
2020-09-15,S,600.0
2020-09-15,S,600.0
2020-09-15,S,337.0
2020-09-15,C,10000.0
2020-09-15,S,200.0
2020-09-15,S,459.0
2020-09-15,S,600.0
2020-09-15,S,600.0
2020-09-15,S,800.0
2020-09-15,S,608.0
2020-07-15,C,177286.0
2020-07-15,S,1300.0
2020-07-15,S,4100.0
2020-07-15,S,9329.0
2020-07-15,S,14215.0
2020-07-15,S,8802.0
2020-07-15,S,9151.0
2020-07-15,S,14700.0
2020-07-15,S,7246.0
2020-07-15,S,900.0
2020-07-15,S,400.0
2020-07-15,G,107143.0
2020-07-16,C,70143.0
2020-07-16,S,3050.0
2020-07-16,S,4400.0
2020-07-16,S,9949.0
2020-07-16,S,10836.0
2020-07-16,S,8366.0
2020-07-16,S,8622.0
2020-07-16,S,12122.0
2020-07-16,S,9698.0
2020-07-16,S,3100.0
2020-09-14,S,2343.0
2020-09-14,S,303.0
2020-09-14,S,2360.0
2020-09-14,S,1600.0
2020-09-14,C,9375.0
2020-09-14,S,2769.0
2020-09-10,M,87500.0
2020-09-10,F,44187.0
2020-09-10,S,100.0
2020-09-10,S,300.0
2020-09-10,S,247.0
2020-09-10,S,200.0
2020-09-10,S,219.0
2020-09-10,S,299.0
2020-09-10,S,400.0
2020-09-10,S,100.0
2020-09-10,S,100.0
2020-09-10,C,3125.0
2020-09-10,S,100.0
2020-09-10,S,200.0
2020-09-10,S,460.0
2020-09-10,S,300.0
2020-09-10,S,100.0
2020-07-10,F,521.0
2020-07-10,M,1070.0
2020-08-11,S,7500.0
2020-08-11,S,600.0
2020-08-11,C,177286.0
2020-08-11,S,2300.0
2020-08-11,S,10865.0
2020-08-11,S,6101.0
2020-08-11,S,4306.0
2020-08-11,S,3300.0
2020-08-11,S,7100.0
2020-08-11,S,15460.0
2020-08-11,S,10511.0
2020-08-11,S,6800.0
2020-08-12,S,500.0
2020-08-11,S,1477.0
2020-08-11,S,1023.0
2020-08-11,S,300.0
2020-08-11,G,107143.0
2020-08-12,C,70143.0
2020-08-12,S,300.0
2020-08-12,S,500.0
2020-08-12,S,2999.0
2020-08-12,S,16956.0
2020-08-12,S,29903.0
2020-08-12,S,18985.0
2020-08-10,C,3125.0
2020-08-10,S,455.0
2020-08-10,S,1000.0
2020-08-10,S,200.0
2020-08-10,S,500.0
2020-08-10,S,108.0
2020-08-10,S,100.0
2020-08-10,S,762.0
2020-09-08,S,95.0
2020-09-08,S,20.0
2020-09-08,C,2000.0
2020-09-08,S,40.0
2020-09-08,S,320.0
2020-09-08,S,215.0
2020-09-08,S,60.0
2020-09-08,S,140.0
2020-09-08,S,130.0
2020-09-08,S,160.0
2020-09-08,S,300.0
2020-09-08,S,240.0
2020-09-08,S,140.0
2020-09-08,S,140.0
2020-07-08,S,300.0
2020-07-08,S,1357.0
2020-07-08,S,821.0
2020-07-08,S,100.0
2020-07-08,S,347.0
2020-07-08,S,200.0
2020-07-08,C,3125.0
2020-09-04,S,7500.0
2020-09-08,S,1860.0
2020-09-08,S,9465.0
2020-09-04,S,15200.0
2020-07-06,S,3000.0
2020-07-06,C,3000.0
2022-12-27,S,724.0
2022-12-27,S,1500.0
2022-12-27,S,1000.0
2022-12-27,C,3224.0
2022-07-05,M,877.0
2022-07-05,F,282.0
2022-12-18,M,236.0
2022-12-18,M,236.0
2022-12-09,S,300.0
2022-12-09,S,2924.0
2022-12-09,C,3224.0
2022-12-09,M,4223.0
2022-12-09,F,2137.0
2022-12-13,S,3709.0
2022-12-12,S,1876.0
2022-12-12,S,1876.0
2022-12-09,M,14383.0
2022-12-09,F,6966.0
2022-10-08,F,19131.0
2022-10-08,M,38281.0
2022-10-08,M,18576.0
2022-10-08,F,7904.0
2022-10-08,M,16431.0
2022-10-08,F,8212.0
2022-10-08,S,2374.0
2022-10-08,F,7374.0
2022-10-08,M,14754.0
2022-10-09,F,6880.0
2022-10-09,M,14384.0
2022-12-07,M,126.0
2022-10-05,F,305.0
2022-10-05,M,876.0
2022-12-04,M,1711.0
2022-12-04,F,853.0
2021-03-24,S,6250.0
2021-03-22,S,100.0
2021-03-22,S,800.0
2021-03-22,S,1126.0
2021-03-22,S,567.0
2021-03-22,S,1500.0
2021-03-22,S,300.0
2021-03-22,S,2600.0
2021-03-22,S,400.0
2021-03-22,C,6700.0
2021-03-22,S,1900.0
2021-03-18,M,236.0
2021-03-18,M,236.0
2021-01-21,S,9239.0
2021-01-21,S,12467.0
2021-01-21,S,11677.0
2021-01-21,S,4370.0
2021-01-21,S,5030.0
2021-01-21,S,300.0
2021-01-21,C,70142.0
2021-01-20,G,107142.0
2021-01-20,S,200.0
2021-01-20,S,100.0
2021-01-20,S,100.0
2021-01-20,S,400.0
2021-01-20,S,900.0
2021-01-20,S,200.0
2021-01-20,S,600.0
2021-01-20,S,1900.0
2021-01-20,S,7312.0
2021-01-20,S,13203.0
2021-01-20,S,3100.0
2021-01-20,S,20630.0
2021-01-20,S,21497.0
2021-01-20,C,177284.0
2021-01-21,S,1100.0
2021-01-21,S,2312.0
2021-01-21,S,2200.0
2021-01-21,S,12026.0
2021-01-21,S,9421.0
2021-03-16,S,400.0
2021-03-16,S,300.0
2021-03-16,S,535.0
2021-03-16,S,633.0
2021-03-16,S,421.0
2021-03-16,S,343.0
2021-03-16,S,491.0
2021-03-16,S,400.0
2021-03-16,S,200.0
2021-03-16,S,713.0
2021-03-16,S,885.0
2021-03-16,S,648.0
2021-03-16,S,975.0
2021-03-16,S,325.0
2021-03-16,S,200.0
2021-03-16,S,231.0
2021-03-15,S,100.0
2021-03-15,S,619.0
2021-03-15,S,600.0
2021-03-15,S,1135.0
2021-03-15,S,800.0
2021-03-15,S,200.0
2021-03-16,S,1018.0
2021-03-10,S,200.0
2021-03-10,S,200.0
2021-03-10,S,200.0
2021-03-10,S,200.0
2021-03-10,S,600.0
2021-03-10,S,750.0
2021-03-10,S,600.0
2021-03-10,S,600.0
2021-03-10,S,745.0
2021-03-10,S,200.0
2021-03-10,S,754.0
2021-03-10,F,10688.0
2021-03-10,M,21875.0
2021-03-10,S,1701.0
2021-03-10,S,100.0
2021-03-10,S,650.0
2021-03-11,S,327.0
2021-03-11,C,11545.0
2021-03-11,S,791.0
2021-03-11,S,1335.0
2021-03-11,S,616.0
2021-03-11,S,594.0
2021-03-11,S,735.0
2021-03-11,S,1260.0
2021-03-11,S,686.0
2021-03-11,S,954.0
2021-03-11,S,655.0
2021-03-11,S,541.0
2021-03-11,S,863.0
2021-03-11,S,1345.0
2021-03-11,S,1093.0
2021-03-11,S,495.0
2021-03-11,S,786.0
2021-03-11,S,1149.0
2021-03-11,C,4080.0
2021-03-11,S,1400.0
2021-03-11,S,4097.0
2021-03-11,S,6939.0
2021-03-11,S,1713.0
2021-03-11,S,7231.0
2021-03-11,S,5956.0
2021-03-11,S,4073.0
2021-03-11,S,2561.0
2021-03-11,S,5654.0
2021-03-11,S,6978.0
2021-03-11,S,4498.0
2021-03-11,S,2612.0
2021-03-11,S,3062.0
2021-03-11,S,4822.0
2021-03-11,S,3581.0
2021-03-11,S,6181.0
2021-03-11,S,4272.0
2021-03-11,S,3090.0
2021-03-11,S,3209.0
2021-03-11,C,80529.0
2021-03-10,S,16.0
2021-03-10,S,84.0
2021-03-10,S,108.0
2021-03-10,S,275.0
2021-03-10,S,764.0
2021-03-10,S,1408.0
2021-03-10,S,549.0
2021-03-10,S,608.0
2021-03-10,S,349.0
2021-03-10,S,205.0
2021-03-10,S,164.0
2021-03-10,S,157.0
2021-03-10,S,282.0
2021-03-10,S,1363.0
2021-03-10,S,1324.0
2021-03-10,S,1285.0
2021-03-10,S,940.0
2021-03-10,S,1257.0
2021-03-10,S,2088.0
2021-03-10,S,891.0
2021-03-10,S,381.0
2021-03-10,S,1127.0
2021-03-10,C,4080.0
2021-03-10,C,11545.0
2021-03-10,C,80529.0
2021-03-10,S,7433.0
2021-03-10,S,840.0
2021-03-10,S,176.0
2021-03-10,S,1798.0
2021-03-10,S,5001.0
2021-03-10,S,7242.0
2021-03-10,S,1969.0
2021-03-10,S,3141.0
2021-03-10,S,1797.0
2021-03-10,S,1370.0
2021-03-10,S,168.0
2021-03-10,S,903.0
2021-03-10,S,4213.0
2021-03-10,S,6865.0
2021-03-10,S,8510.0
2021-03-10,S,4187.0
2021-03-10,S,5784.0
2021-03-10,S,5842.0
2021-03-10,S,3192.0
2021-03-10,S,10014.0
2021-03-10,S,84.0
2021-03-08,S,300.0
2021-03-08,S,100.0
2021-03-08,S,300.0
2021-03-08,S,300.0
2021-03-08,S,200.0
2021-03-08,S,100.0
2021-03-08,S,100.0
2021-03-08,S,100.0
2021-03-08,S,300.0
2021-03-08,S,100.0
2021-03-08,S,314.0
2021-03-08,S,100.0
2021-03-08,S,100.0
2021-03-08,S,179.0
2021-03-05,S,300.0
2021-03-05,S,500.0
2021-03-05,S,700.0
2021-03-05,S,664.0
2021-03-05,S,300.0
2021-03-05,S,200.0
2021-03-05,S,400.0
2021-03-05,S,563.0
2021-03-05,S,800.0
2021-03-05,S,800.0
2021-03-05,S,400.0
2021-03-05,S,900.0
2021-03-05,S,2437.0
2021-03-05,S,3849.0
2021-03-05,S,1806.0
2021-03-05,S,600.0
2021-03-05,S,300.0
2021-03-05,S,967.0
2021-03-05,S,630.0
2021-03-05,S,1084.0
2021-03-05,S,400.0
2021-03-05,S,500.0
2021-03-05,S,600.0
2021-03-05,S,300.0
2021-03-05,C,20000.0
2021-03-08,S,300.0
2021-03-08,S,600.0
2021-03-08,S,900.0
2021-03-08,S,600.0
2021-03-08,S,1228.0
2021-03-08,S,1400.0
2021-03-08,S,1200.0
2021-03-08,S,1000.0
2021-03-08,S,300.0
2021-03-08,S,300.0
2021-03-08,S,633.0
2021-03-08,S,610.0
2021-03-08,S,1601.0
2021-03-08,S,636.0
2021-03-08,S,400.0
2021-03-08,S,1015.0
2021-03-08,S,600.0
2021-03-08,S,1200.0
2021-03-08,S,1600.0
2021-03-08,S,869.0
2021-03-08,S,600.0
2021-03-08,S,200.0
2021-03-05,S,300.0
2021-03-05,S,900.0
2021-03-08,S,2100.0
2021-03-08,S,2145.0
2021-03-08,S,2071.0
2021-03-05,S,100.0
2021-03-05,S,400.0
2021-03-05,S,700.0
2021-03-05,S,500.0
2021-03-05,S,1202.0
2021-03-05,S,976.0
2021-03-05,S,800.0
2021-03-05,S,600.0
2021-03-05,S,400.0
2021-03-05,S,300.0
2021-03-05,S,700.0
2021-03-05,S,900.0
2021-03-05,S,929.0
2021-03-05,S,200.0
2021-03-05,S,900.0
2021-03-05,S,1090.0
2021-03-05,S,1300.0
2021-03-05,S,1300.0
2021-03-05,S,1055.0
2021-03-05,S,1494.0
2021-03-05,S,6124.0
2021-03-05,S,9377.0
2021-03-05,S,2873.0
2021-03-05,S,1400.0
2021-03-05,S,580.0
2021-03-03,S,700.0
2021-03-03,S,800.0
2021-03-03,S,600.0
2021-03-03,S,797.0
2021-03-03,S,1710.0
2021-03-03,S,1600.0
2021-03-03,S,1503.0
2021-03-03,S,3203.0
2021-03-03,S,1000.0
2021-03-03,S,700.0
2021-03-03,S,300.0
2021-03-03,S,600.0
2021-03-03,S,700.0
2021-03-03,S,1100.0
2021-03-03,S,900.0
2021-03-03,S,1400.0
2021-03-03,S,1500.0
2021-03-03,S,700.0
2021-03-03,S,2348.0
2021-03-03,S,1500.0
2021-03-03,S,1851.0
2021-03-03,S,1338.0
2021-03-03,S,4550.0
2021-03-03,S,4000.0
2021-03-03,S,300.0
2021-03-03,S,100.0
2021-03-03,S,100.0
2021-03-03,S,200.0
2021-03-03,S,700.0
2021-03-03,S,400.0
2021-03-03,G,8981865.0
2021-03-03,C,8981865.0
2021-03-03,C,8981865.0
2021-03-03,G,8981865.0
2021-03-03,S,7200.0
2021-03-03,S,15366.0
2021-03-03,S,14950.0
2021-03-03,S,17835.0
2021-03-03,S,7963.0
2021-03-03,S,6780.0
2021-03-03,S,22611.0
2021-03-03,C,563131.0
2021-03-03,S,29849.0
2021-03-03,S,44417.0
2021-03-03,S,15125.0
2021-03-03,S,15766.0
2021-03-03,S,18512.0
2021-03-03,S,20301.0
2021-03-03,S,24202.0
2021-03-03,S,8919.0
2021-03-03,S,18080.0
2021-03-03,S,18810.0
2021-03-03,S,8211.0
2021-03-03,S,13635.0
2021-03-03,S,10036.0
2021-03-03,S,8548.0
2021-03-03,S,1566.0
2021-03-03,S,6100.0
2021-03-03,S,21834.0
2021-03-03,S,40179.0
2021-03-03,S,38239.0
2021-03-03,S,24717.0
2021-03-03,S,13900.0
2021-03-03,S,31290.0
2021-03-03,S,3319.0
2021-03-03,S,6521.0
2021-03-03,S,5083.0
2021-03-03,S,2700.0
2021-03-03,S,3700.0
2021-03-03,S,3067.0
2021-03-03,S,1980.0
2021-03-03,S,400.0
2021-03-03,S,2700.0
2021-03-03,S,2700.0
2021-03-03,S,11532.0
2021-03-03,S,6471.0
2021-03-03,S,8072.0
2021-03-03,S,2722.0
2021-03-03,S,6598.0
2021-03-03,S,3605.0
2021-03-03,S,1300.0
2021-03-03,S,2405.0
2021-03-03,S,2430.0
2021-03-03,S,2400.0
2021-03-03,S,1200.0
2021-03-03,S,1200.0
2021-03-03,S,7776.0
2021-03-03,S,5465.0
2021-03-03,S,6988.0
2021-03-03,S,6052.0
2021-03-03,S,7160.0
2021-03-03,S,20848.0
2021-03-03,S,10306.0
2021-03-03,C,150000.0
2021-03-03,S,882.0
2021-03-03,S,1400.0
2021-03-03,S,6705.0
2021-03-03,S,3768.0
2021-03-03,S,4177.0
2021-03-03,S,200.0
2021-03-03,C,352320.0
2021-03-03,S,5018.0
2021-03-03,S,32060.0
2021-03-03,S,20446.0
2021-03-03,S,7509.0
2021-03-03,S,11641.0
2021-03-03,S,9765.0
2021-03-03,S,15272.0
2021-03-03,S,7712.0
2021-03-03,S,11012.0
2021-03-03,S,11983.0
2021-03-03,S,8280.0
2021-03-03,S,5436.0
2021-03-03,S,6153.0
2021-03-03,S,5122.0
2021-03-03,S,3893.0
2021-03-03,S,1044.0
2021-03-03,S,5613.0
2021-03-03,S,16895.0
2021-03-03,S,8878.0
2021-03-03,S,8200.0
2021-03-03,S,1280.0
2021-03-03,S,800.0
2021-03-03,S,1900.0
2021-03-03,S,4000.0
2020-12-24,C,30000.0
2021-03-03,C,4000.0
2021-03-04,S,1891.0
2021-03-04,S,219.0
2021-03-04,S,413.0
2021-03-04,S,1000.0
2021-03-04,S,965.0
2021-03-04,S,1100.0
2021-03-04,S,1300.0
2021-03-04,S,2307.0
2021-03-04,S,7015.0
2021-03-04,S,4680.0
2021-03-04,S,3800.0
2021-03-04,S,1900.0
2021-03-04,S,1000.0
2021-03-04,S,1100.0
2021-03-04,S,900.0
2021-03-04,S,441.0
2021-03-04,S,600.0
2021-03-03,S,100.0
2021-03-03,S,100.0
2021-03-04,S,2126.0
2021-03-04,S,300.0
2021-03-04,S,1942.0
2021-03-04,S,1500.0
2021-03-04,S,501.0
2021-03-04,S,400.0
2021-03-03,S,600.0
2021-03-03,S,600.0
2021-03-03,S,500.0
2021-03-03,S,400.0
2021-03-03,S,300.0
2021-03-03,S,400.0
2021-03-03,S,500.0
2021-03-03,S,900.0
2021-03-03,S,7738.0
2021-03-03,S,13275.0
2021-03-03,S,4600.0
2021-03-03,S,8914.0
2021-03-03,S,10903.0
2021-03-03,S,6463.0
2021-03-03,S,6549.0
2021-03-03,S,7290.0
2021-03-03,S,3412.0
2021-03-03,S,1000.0
2021-03-03,S,4680.0
2021-03-03,S,1000.0
2021-03-03,S,900.0
2021-03-03,S,2200.0
2021-03-03,S,1000.0
2021-03-03,S,1901.0
2021-03-03,S,34764.0
2021-03-03,S,19357.0
2021-03-03,S,16454.0
2021-03-03,S,14166.0
2020-12-30,S,24398.0
2020-12-30,S,1100.0
2020-12-30,S,45014.0
2021-02-02,M,87.0
2021-02-02,M,25.0
2021-02-01,C,2000.0
2021-02-01,S,2000.0
2020-04-27,S,2525.0
2020-04-27,C,2525.0
2020-06-22,S,800.0
2020-06-22,S,441.0
2020-06-22,S,999.0
2020-06-22,S,1391.0
2020-06-22,S,3659.0
2020-06-22,S,1285.0
2020-06-22,S,800.0
2020-06-22,C,9375.0
2020-06-22,S,6222.0
2020-06-22,S,701.0
2020-06-22,G,107143.0
2020-06-23,C,70143.0
2020-06-23,S,1796.0
2020-06-22,S,22684.0
2020-06-22,S,18643.0
2020-06-22,S,16671.0
2020-06-22,S,5222.0
2020-06-22,C,177286.0
2020-06-23,S,7704.0
2020-06-23,S,25599.0
2020-06-23,S,3100.0
2020-06-23,S,5300.0
2020-06-23,S,6300.0
2020-06-23,S,20344.0
2020-06-22,C,3000.0
2020-06-22,S,3000.0
2020-06-19,S,19299.0
2020-06-19,S,3200.0
2020-06-19,S,23318.0
2020-06-19,S,27351.0
2020-06-19,S,27351.0
2020-06-19,S,23318.0
2020-06-19,S,3200.0
2020-06-19,S,19299.0
2020-06-18,C,5982.0
2020-06-18,S,101.0
2020-06-18,S,4200.0
2020-06-18,S,1600.0
2020-06-18,S,5165.0
2020-04-20,S,2306.0
2020-04-20,S,6061.0
2020-04-20,S,1200.0
2020-04-20,S,400.0
2020-04-20,S,100.0
2020-04-20,S,600.0
2020-04-20,S,400.0
2020-05-19,S,1850.0
2020-05-19,S,1812.0
2020-05-19,S,1989.0
2020-05-19,S,600.0
2020-05-19,S,2516.0
2020-05-19,S,1000.0
2020-05-19,S,1300.0
2020-04-16,S,7500.0
2020-06-17,M,118.0
2020-06-17,M,487.0
2020-06-16,C,651600.0
2020-06-16,C,5348400.0
2020-06-16,C,5348400.0
2020-06-16,C,651600.0
2020-06-15,C,10000.0
2020-06-15,S,100.0
2020-06-15,S,100.0
2020-06-15,S,300.0
2020-06-15,S,900.0
2020-06-15,S,1931.0
2020-06-15,S,1700.0
2020-06-15,S,1400.0
2020-06-15,S,1587.0
2020-06-15,S,1100.0
2020-06-15,S,882.0
2020-04-13,S,500.0
2020-04-13,S,1925.0
2020-04-13,S,1800.0
2020-04-13,S,1525.0
2020-04-13,S,100.0
2020-04-13,C,6850.0
2020-04-13,S,1000.0
2020-05-12,S,7500.0
2020-04-10,F,496.0
2020-04-10,M,1070.0
2020-04-27,S,2525.0
2020-04-27,C,2525.0
2020-05-11,S,16336.0
2020-05-11,S,10194.0
2020-05-11,S,12032.0
2020-05-11,S,13500.0
2020-05-11,S,300.0
2020-05-12,C,70143.0
2020-05-12,S,3525.0
2020-05-12,S,4400.0
2020-05-12,S,11500.0
2020-05-12,S,17376.0
2020-05-12,S,23547.0
2020-05-12,S,8890.0
2020-05-12,S,905.0
2020-05-11,S,13581.0
2020-05-11,S,3400.0
2020-05-11,S,600.0
2020-05-11,S,200.0
2020-05-11,C,70143.0
2020-05-11,S,3068.0
2020-05-11,S,2463.0
2020-05-11,S,485.0
2020-05-11,S,799.0
2020-05-11,S,957.0
2020-05-11,S,403.0
2020-05-11,S,1200.0
2020-05-11,C,9375.0
2020-05-08,C,3125.0
2020-05-08,S,300.0
2020-05-08,S,675.0
2020-05-08,S,400.0
2020-05-08,S,1000.0
2020-05-08,S,600.0
2020-05-08,S,150.0
2020-06-10,C,3000.0
2020-06-10,S,3000.0
2020-06-08,S,100.0
2020-06-08,C,3125.0
2020-06-08,S,400.0
2020-06-08,S,300.0
2020-06-08,S,600.0
2020-06-08,S,200.0
2020-06-08,S,832.0
2020-06-08,S,493.0
2020-06-08,S,200.0
2020-06-08,C,647046.0
2020-06-08,C,8021.0
2020-06-08,C,1881643.0
2020-06-08,C,122450.0
2020-06-08,C,19454.0
2020-06-05,S,25975.0
2020-06-05,S,6200.0
2020-06-05,S,4550.0
2020-06-05,S,8100.0
2020-06-05,S,5624.0
2020-06-05,S,9076.0
2020-06-05,S,5550.0
2020-06-05,S,1600.0
2020-06-05,C,41500.0
2020-06-05,S,800.0
2020-04-08,S,200.0
2020-04-08,S,600.0
2020-04-08,S,200.0
2020-04-08,C,3125.0
2020-04-08,S,200.0
2020-04-08,S,800.0
2020-04-08,S,500.0
2020-04-08,S,125.0
2020-04-08,S,300.0
2020-04-08,S,200.0
2020-04-08,S,2797.0
2020-04-08,S,4775.0
2020-04-08,S,3600.0
2020-04-08,S,6000.0
2020-04-08,S,13300.0
2020-04-08,S,16609.0
2020-04-08,S,2231.0
2020-04-08,S,9578.0
2020-04-08,S,1200.0
2020-04-08,G,500000.0
2020-04-07,C,70143.0
2020-04-07,S,1700.0
2020-04-07,S,4250.0
2020-04-07,S,8450.0
2020-04-07,S,18513.0
2020-04-07,S,16845.0
2020-04-07,S,11085.0
2020-04-07,S,6800.0
2020-04-07,S,2000.0
2020-04-07,S,500.0
2020-04-08,C,570143.0
2020-04-08,S,800.0
2020-04-08,S,700.0
2020-04-08,S,2200.0
2020-04-08,S,4850.0
2020-04-08,S,1503.0
2020-06-04,S,40292.0
2020-06-04,S,6033.0
2020-06-04,S,2600.0
2020-06-04,S,47526.0
2020-06-04,S,9259.0
2020-06-04,S,9476.0
2020-06-04,S,23331.0
2020-06-04,S,25321.0
2020-06-04,S,44039.0
2020-06-04,S,36572.0
2020-06-04,S,36832.0
2020-06-04,S,53006.0
2020-06-04,S,30180.0
2020-06-04,S,6900.0
2020-06-04,S,9600.0
2020-04-29,M,487.0
2020-03-30,C,300000.0
2020-03-30,G,300000.0
2020-03-30,S,62379.0
2020-03-30,S,986.0
2020-03-30,C,37135.0
2020-03-30,S,17955.0
2020-03-30,S,25247.0
2020-03-30,S,27412.0
2020-03-30,S,30279.0
2020-03-30,S,6438.0
2020-03-30,S,9867.0
2020-03-30,S,10367.0
2021-07-26,S,100.0
2021-07-26,S,293.0
2021-07-26,S,400.0
2021-07-26,S,300.0
2021-07-26,S,200.0
2021-07-26,S,600.0
2021-07-26,S,400.0
2021-07-26,S,200.0
2021-07-26,S,100.0
2021-07-22,S,2867.0
2021-07-22,S,1300.0
2021-07-22,S,1590.0
2021-07-22,S,500.0
2021-07-22,S,200.0
2021-07-22,S,634.0
2021-07-22,S,609.0
2021-09-20,S,1771.0
2021-09-20,S,1929.0
2021-09-20,S,4158.0
2021-09-20,S,3063.0
2021-09-20,S,1839.0
2021-09-20,S,968.0
2021-09-20,S,241.0
2021-09-20,S,371.0
2021-09-20,C,80529.0
2021-09-20,S,9176.0
2021-09-20,S,16621.0
2021-09-20,S,21472.0
2021-09-20,S,15509.0
2021-09-20,C,4080.0
2021-09-20,C,11545.0
2021-09-20,S,9520.0
2021-09-20,S,5043.0
2021-09-20,S,1259.0
2021-09-20,S,3214.0
2021-09-21,C,4080.0
2021-09-21,S,3781.0
2021-09-21,S,2850.0
2021-09-21,S,2391.0
2021-09-21,S,2851.0
2021-09-21,S,4348.0
2021-09-21,S,2455.0
2021-09-21,S,730.0
2021-09-21,C,80529.0
2021-09-21,S,14700.0
2021-09-21,S,12385.0
2021-09-21,S,14523.0
2021-09-21,S,22465.0
2021-09-21,S,12675.0
2021-09-21,C,11545.0
2021-09-18,M,236.0
2021-09-18,M,236.0
2021-09-17,S,300.0
2021-09-17,S,100.0
2021-09-17,S,1100.0
2021-09-17,S,800.0
2021-09-17,S,1640.0
2021-09-17,S,800.0
2021-09-17,S,1600.0
2021-09-17,C,6700.0
2021-09-17,S,360.0
2021-09-01,C,2500.0
2021-09-01,S,2500.0
2021-08-16,S,1560.0
2021-08-16,S,1320.0
2021-08-16,S,1200.0
2021-08-16,S,720.0
2021-08-16,S,300.0
2021-08-16,S,600.0
2021-08-16,S,200.0
2021-08-16,S,200.0
2021-08-16,C,6700.0
2021-08-16,S,600.0
2021-09-15,S,300.0
2021-09-15,S,936.0
2021-09-15,S,200.0
2021-09-15,S,400.0
2021-09-15,S,400.0
2021-08-13,S,4000.0
2021-08-13,C,4000.0
2021-07-14,S,1160.0
2021-07-14,S,924.0
2021-07-14,S,178.0
2021-07-14,S,307.0
2021-07-14,S,447.0
2021-07-14,S,1104.0
2021-07-14,S,1811.0
2021-07-14,S,1436.0
2021-07-14,S,749.0
2021-07-14,S,252.0
2021-07-14,S,353.0
2021-07-14,S,93.0
2021-07-14,S,21.0
2021-07-14,C,4080.0
2021-07-14,C,11545.0
2021-07-14,S,948.0
2021-07-14,S,1508.0
2021-07-14,S,449.0
2021-07-14,S,1804.0
2021-07-14,S,798.0
2021-07-14,S,232.0
2021-07-14,S,1051.0
2021-07-14,S,1308.0
2021-07-14,S,3876.0
2021-07-14,S,7416.0
2021-07-14,S,9392.0
2021-07-14,S,5721.0
2021-07-14,S,2320.0
2021-07-14,S,1602.0
2021-07-14,S,928.0
2021-07-14,S,4296.0
2021-07-14,S,6009.0
2021-07-14,S,5466.0
2021-07-14,S,1199.0
2021-07-14,S,4159.0
2021-07-14,S,9332.0
2021-07-14,S,2348.0
2021-07-14,S,7813.0
2021-07-14,S,4913.0
2021-07-14,C,80529.0
2021-07-14,S,1841.0
2021-07-14,S,489.0
2021-07-14,S,101.0
2021-07-14,S,200.0
2021-07-14,S,700.0
2021-07-14,S,400.0
2021-07-14,S,267.0
2021-07-14,S,133.0
2021-07-14,S,500.0
2021-07-14,S,400.0
2021-07-14,S,1000.0
2021-07-14,S,600.0
2021-07-14,S,200.0
2021-07-14,S,200.0
2021-07-14,S,100.0
2021-07-14,S,600.0
2021-07-14,S,800.0
2021-07-14,C,6700.0
2021-07-14,S,600.0
2021-07-13,S,29.0
2021-07-13,S,3023.0
2021-07-13,S,4195.0
2021-07-13,S,15912.0
2021-07-13,S,6582.0
2021-07-13,S,18477.0
2021-07-13,S,12964.0
2021-07-13,S,14869.0
2021-07-13,S,2856.0
2021-07-13,S,1622.0
2021-07-13,C,80529.0
2021-07-13,S,6.0
2021-07-13,S,583.0
2021-07-13,S,806.0
2021-07-13,S,3078.0
2021-07-13,S,3578.0
2021-07-13,S,1326.0
2021-07-13,S,2509.0
2021-07-13,S,2871.0
2021-07-13,S,553.0
2021-07-13,S,315.0
2021-07-13,C,11545.0
2021-07-13,C,4080.0
2021-07-13,S,4000.0
2021-07-13,C,4000.0
2021-09-10,M,21875.0
2021-09-10,F,10697.0
2021-07-12,S,469.0
2021-07-12,S,100.0
2021-07-12,S,1031.0
2021-07-12,S,100.0
2021-07-12,S,100.0
2021-07-12,S,100.0
2021-07-12,S,292.0
2021-07-12,S,401.0
2021-07-12,S,581.0
2021-07-12,S,130.0
2021-07-12,S,300.0
2021-07-12,S,300.0
2021-07-08,F,12602.0
2021-07-08,M,25310.0
2021-07-12,S,1200.0
2021-07-12,S,1000.0
2021-07-12,S,900.0
2021-07-12,S,1200.0
2021-07-12,S,1760.0
2021-07-12,S,1160.0
2021-07-12,S,1000.0
2021-08-09,S,100.0
2021-08-09,S,400.0
2021-08-09,S,600.0
2021-08-09,S,600.0
2021-08-09,S,893.0
2021-09-03,S,2593.0
2021-09-07,S,2593.0
2021-09-04,F,2969.0
2021-09-04,M,6842.0
2021-07-06,C,15625.0
2021-07-06,S,15625.0
2021-07-06,S,12256.0
2021-07-06,S,1000.0
2021-08-04,S,400.0
2021-08-04,S,1484.0
2021-08-04,S,300.0
2021-08-04,S,100.0
2021-08-04,S,100.0
2021-08-04,S,100.0
2021-08-04,S,300.0
2021-08-04,S,500.0
2021-08-04,S,800.0
2021-08-04,S,400.0
2021-08-04,S,1200.0
2021-08-04,S,231.0
2021-08-04,S,500.0
2021-08-04,S,100.0
2021-08-04,S,400.0
2021-08-04,S,785.0
2021-08-03,C,4080.0
2021-08-03,S,420.0
2021-08-03,S,1527.0
2021-08-03,S,2622.0
2021-08-03,S,3017.0
2021-08-03,S,3182.0
2021-08-03,S,2816.0
2021-08-03,S,477.0
2021-08-03,S,141.0
2021-08-03,S,345.0
2021-08-03,S,376.0
2021-08-03,S,431.0
2021-08-03,S,288.0
2021-08-03,S,323.0
2021-08-03,S,80.0
2021-08-03,C,80529.0
2021-08-03,S,7875.0
2021-08-03,S,13604.0
2021-08-03,S,15590.0
2021-08-03,S,16422.0
2021-08-03,S,14540.0
2021-08-03,S,2139.0
2021-08-03,S,739.0
2021-08-03,S,1794.0
2021-08-03,S,1964.0
2021-08-03,S,2253.0
2021-08-03,S,1512.0
2021-08-03,S,1677.0
2021-08-03,C,11545.0
2021-08-02,C,4080.0
2021-08-02,S,80.0
2021-08-02,S,462.0
2021-08-02,S,774.0
2021-08-02,S,453.0
2021-08-02,S,652.0
2021-08-02,S,306.0
2021-08-02,S,499.0
2021-08-02,S,357.0
2021-08-02,S,393.0
2021-08-02,S,719.0
2021-08-02,S,190.0
2021-08-02,S,320.0
2021-08-02,S,611.0
2021-08-02,S,2846.0
2021-08-02,S,4415.0
2021-08-02,S,1792.0
2021-08-02,S,451.0
2021-08-02,S,305.0
2021-08-02,C,11545.0
2021-08-02,M,25.0
2021-08-02,M,87.0
2021-08-02,S,1580.0
2021-08-02,S,2353.0
2021-08-02,C,80529.0
2021-08-02,S,2408.0
2021-08-02,S,4059.0
2021-08-02,S,2384.0
2021-08-02,S,3378.0
2021-08-02,S,1594.0
2021-08-02,S,2601.0
2021-08-02,S,1843.0
2021-08-02,S,2018.0
2021-08-02,S,3281.0
2021-08-02,S,992.0
2021-08-02,S,1645.0
2021-08-02,S,3162.0
2021-08-02,S,14697.0
2021-08-02,S,22806.0
2021-08-02,S,9308.0
2021-08-02,S,420.0
2021-07-30,S,700.0
2021-07-30,C,6700.0
2021-07-30,S,900.0
2021-07-30,S,1600.0
2021-07-30,S,1000.0
2021-07-30,S,100.0
2021-07-30,S,600.0
2021-07-30,S,400.0
2021-07-30,S,499.0
2021-07-30,S,701.0
2021-07-30,S,200.0
2021-09-01,S,300.0
2021-09-01,S,200.0
2021-09-01,S,643.0
2021-09-01,S,937.0
2021-09-01,C,6700.0
2021-09-01,S,1720.0
2021-09-01,S,500.0
2021-09-01,S,800.0
2021-09-01,S,1600.0
2021-09-01,S,547.0
2021-09-01,S,400.0
2021-09-01,S,400.0
2021-09-01,S,2970.0
2021-09-01,S,1900.0
2021-09-01,S,4908.0
2019-09-09,C,360000.0
2019-09-09,C,480000.0
2019-09-09,C,318332.0
2019-09-09,C,221486.0
2020-01-30,G,50000.0
2020-01-30,C,50000.0
2020-01-29,M,487.0
2020-03-19,S,24011.0
2020-03-19,S,29179.0
2020-03-19,S,3293.0
2020-03-19,S,16685.0
2020-03-19,S,1401.0
2020-03-19,S,2200.0
2020-03-19,S,2000.0
2020-03-19,S,800.0
2020-03-19,S,800.0
2020-03-19,S,1100.0
2020-03-19,S,605.0
2020-03-19,S,1000.0
2020-03-19,S,441.0
2020-03-19,S,200.0
2020-03-19,S,220.0
2020-03-19,S,300.0
2020-03-19,S,24011.0
2020-03-19,S,3293.0
2020-03-19,S,16685.0
2020-03-19,S,29179.0
2020-01-21,C,501412.0
2020-01-21,C,61088.0
2020-01-21,C,501412.0
2020-01-21,C,61088.0
2020-01-21,S,5200.0
2020-01-21,S,2900.0
2020-01-21,S,2967.0
2020-01-21,S,11892.0
2020-01-21,C,6850.0
2020-01-21,S,1154.0
2020-01-16,S,7500.0
2020-02-19,S,2100.0
2020-02-19,S,1000.0
2020-02-19,S,3900.0
2020-02-19,S,500.0
2020-02-19,S,3567.0
2020-02-19,G,50000.0
2020-02-19,C,50000.0
2020-02-19,C,50000.0
2020-02-19,S,29371.0
2020-02-20,C,50000.0
2020-02-20,S,50000.0
2020-02-19,S,20329.0
2020-02-19,S,300.0
2020-02-18,C,6850.0
2020-02-18,S,52694.0
2020-02-18,S,23036.0
2020-02-18,S,6120.0
2020-02-19,S,1000.0
2020-02-19,S,500.0
2020-02-20,C,42700.0
2020-02-19,S,22300.0
2020-02-20,S,42696.0
2020-02-20,S,4.0
2020-02-19,S,14500.0
2020-02-19,C,22300.0
2020-02-18,S,16000.0
2020-03-16,S,1000.0
2020-03-16,S,1400.0
2020-03-16,S,3425.0
2020-03-16,S,6410.0
2020-03-16,S,15121.0
2020-03-16,S,8854.0
2020-03-16,S,3725.0
2020-03-16,S,9658.0
2020-03-16,S,5255.0
2020-03-16,S,5245.0
2020-03-16,S,5000.0
2020-03-16,S,3200.0
2020-03-17,C,70143.0
2020-03-17,S,200.0
2020-03-17,S,1500.0
2020-03-17,S,3600.0
2020-03-17,S,6700.0
2020-03-17,S,18900.0
2020-03-17,S,13800.0
2020-03-17,S,2850.0
2020-03-17,S,7200.0
2020-03-17,S,7600.0
2020-03-16,S,1250.0
2020-03-16,S,600.0
2020-03-16,G,250000.0
2020-03-16,C,320143.0
2020-03-17,S,3693.0
2020-03-17,S,700.0
2020-03-17,S,3400.0
2020-03-16,S,966.0
2020-03-16,S,1981.0
2020-03-16,S,1503.0
2020-03-16,S,1194.0
2020-03-16,C,6850.0
2020-03-16,S,2517.0
2020-03-16,S,500.0
2020-03-16,S,2697.0
2020-03-16,S,1416.0
2020-03-16,S,2849.0
2020-03-16,C,10000.0
2020-03-16,S,500.0
2020-03-16,S,438.0
2020-03-16,S,1000.0
2020-03-16,S,300.0
2020-03-16,S,500.0
2020-03-16,S,2200.0
2020-03-16,S,1400.0
2020-03-16,S,983.0
2020-03-16,S,1179.0
2020-03-16,S,400.0
2020-03-16,S,200.0
2020-03-16,S,100.0
2020-03-16,S,800.0
2020-03-16,C,3565600.0
2020-03-16,C,434400.0
2020-03-16,C,16041.0
2020-03-16,C,1294093.0
2020-03-16,C,38908.0
2020-03-16,C,244900.0
2020-03-16,C,3763287.0
2020-03-16,C,3565600.0
2020-03-16,C,434400.0
2020-03-05,C,3565600.0
2020-03-05,C,434400.0
2020-01-14,S,600.0
2020-01-14,S,45300.0
2020-01-14,S,24243.0
2020-01-14,C,70143.0
2020-01-15,S,4800.0
2020-01-15,S,36178.0
2020-01-15,S,12234.0
2020-01-15,S,13131.0
2020-01-15,S,3800.0
2020-01-15,C,70143.0
2020-01-10,M,1070.0
2020-01-13,S,32000.0
2020-01-13,F,437.0
2020-02-13,S,9115.0
2020-02-13,S,45528.0
2020-02-13,S,7800.0
2020-02-12,C,70143.0
2020-02-12,S,9400.0
2020-02-12,S,59943.0
2020-02-12,S,800.0
2020-02-13,S,6760.0
2020-02-13,S,940.0
2020-02-13,C,70143.0
2020-03-05,C,434400.0
2020-03-05,C,3565600.0
2020-03-05,C,3565600.0
2020-03-05,C,434400.0
2020-03-10,S,67951.0
2020-03-10,S,5217.0
2020-03-10,S,5217.0
2020-03-10,S,67951.0
2020-03-10,G,50000.0
2020-03-10,C,50000.0
2020-02-10,S,989.0
2020-02-10,S,1336.0
2020-02-10,C,3125.0
2020-02-10,S,800.0
2020-03-09,C,6850.0
2020-03-09,S,800.0
2020-03-09,S,2700.0
2020-03-09,S,3700.0
2020-03-09,S,5233.0
2020-03-09,S,3500.0
2020-03-09,S,5600.0
2020-03-09,S,2200.0
2020-03-09,S,1300.0
2020-03-09,S,700.0
2020-03-09,S,1300.0
2020-03-09,S,400.0
2020-03-09,S,2100.0
2020-03-09,S,2117.0
2020-03-09,S,200.0
2020-03-09,C,3125.0
2020-03-09,S,100.0
2020-03-09,S,200.0
2020-03-09,S,200.0
2020-03-09,S,300.0
2020-03-09,S,100.0
2020-03-09,S,300.0
2020-03-09,S,200.0
2020-03-09,S,924.0
2020-03-09,S,600.0
2020-03-09,S,201.0
2020-03-06,S,7500.0
2020-03-05,C,1294093.0
2020-03-05,C,16041.0
2020-03-09,C,16041.0
2020-03-05,C,3763287.0
2020-03-09,C,3763287.0
2020-03-05,C,244900.0
2020-03-09,C,244900.0
2020-03-05,C,38908.0
2020-03-09,C,38908.0
2020-03-09,C,1294093.0
2020-03-05,C,1294093.0
2020-03-09,C,1294093.0
2020-03-05,C,16041.0
2020-03-09,C,16041.0
2020-03-05,C,3763287.0
2020-03-09,C,3763287.0
2020-03-05,C,244900.0
2020-03-09,C,244900.0
2020-03-05,C,38908.0
2020-03-09,C,38908.0
2020-03-05,C,1294093.0
2020-03-09,C,1294093.0
2020-03-06,S,130385.0
2020-03-05,C,16041.0
2020-03-09,C,16041.0
2020-03-05,C,3763287.0
2020-03-09,C,3763287.0
2020-03-05,C,244900.0
2020-03-09,C,244900.0
2020-03-05,C,38908.0
2020-03-09,C,38908.0
2020-03-05,C,3565600.0
2020-03-05,C,434400.0
2020-03-05,C,3565600.0
2020-03-05,C,434400.0
2020-01-06,C,1448524.0
2020-01-06,C,176476.0
2020-01-06,S,32000.0
2020-01-06,C,3125.0
2020-01-08,S,3125.0
2020-01-08,C,3125.0
2020-01-06,S,3125.0
2020-01-06,S,4228.0
2020-01-06,S,3318.0
2020-01-06,C,6850.0
2020-01-06,S,5500.0
2020-01-06,C,1448524.0
2020-01-06,C,176476.0
2020-02-04,C,61088.0
2020-02-04,C,501412.0
2020-02-04,C,501412.0
2020-02-04,C,61088.0
2020-02-04,S,7500.0
2020-02-04,C,50000.0
2020-02-04,G,50000.0
2020-02-03,S,23500.0
2020-02-03,S,73500.0
2020-02-03,C,65000.0
2020-02-03,S,16000.0
2020-02-04,S,15000.0
2020-02-04,S,1000.0
2020-02-03,C,6850.0
2020-02-03,S,124.0
2020-02-03,S,2191.0
2020-02-03,S,700.0
2020-02-03,S,1881.0
2020-02-03,S,8150.0
2019-04-23,S,38148.0
2019-04-23,S,586209.0
2019-04-23,S,2499.0
2019-04-23,S,201581.0
2019-04-23,C,38148.0
2019-04-23,C,586209.0
2019-04-23,C,2499.0
2019-04-23,C,201581.0
2019-04-23,S,333333.0
2019-04-23,S,333333.0
2019-04-23,S,333333.0
2019-04-23,C,848877.0
2019-04-23,S,848877.0
2019-04-23,S,81668.0
2019-04-23,C,81668.0
2019-04-23,C,583787.0
2019-04-23,S,583787.0
2019-04-23,S,2499.0
2019-04-23,S,586209.0
2019-04-23,S,38148.0
2019-04-23,C,2499.0
2019-04-23,C,586209.0
2019-04-23,S,201581.0
2019-04-23,C,38148.0
2019-04-23,C,201581.0
2019-04-23,C,622082.0
2019-04-23,C,214167.0
2019-04-23,S,75777.0
2019-04-23,C,75777.0
2019-04-23,S,214167.0
2019-04-23,S,622082.0
2019-04-23,S,214167.0
2019-04-23,C,214167.0
2019-04-23,S,75777.0
2019-04-23,C,75777.0
2019-04-23,S,622082.0
2019-04-23,C,622082.0
2019-04-23,P,350000.0
2019-04-23,S,507243.0
2019-04-23,C,507243.0
2019-04-23,S,223124.0
2019-04-23,C,223124.0
2021-06-28,S,100.0
2021-06-28,S,700.0
2021-06-28,S,300.0
2021-06-28,S,200.0
2021-06-28,S,693.0
2021-06-28,S,12136.0
2021-06-28,S,135.0
2021-06-28,S,100.0
2021-06-28,S,100.0
2021-06-28,S,18129.0
2021-06-28,S,200.0
2021-06-28,S,100.0
2021-06-28,S,600.0
2021-06-28,S,400.0
2021-06-28,S,300.0
2021-06-28,S,200.0
2021-06-28,S,900.0
2021-06-28,S,1600.0
2021-06-28,S,900.0
2021-06-28,S,700.0
2021-06-28,C,6700.0
2021-06-28,S,800.0
2021-04-22,S,500.0
2021-04-22,S,254.0
2021-04-22,S,1100.0
2021-04-22,S,597.0
2021-04-22,S,728.0
2021-04-22,S,300.0
2021-04-22,S,59.0
2021-04-22,C,6700.0
2021-04-22,S,100.0
2021-04-22,S,200.0
2021-04-22,S,1200.0
2021-04-22,S,962.0
2021-04-22,S,500.0
2021-04-22,S,200.0
2021-04-21,S,500.0
2021-04-21,S,1300.0
2021-04-21,S,2449.0
2021-04-21,S,700.0
2021-04-21,S,500.0
2021-04-21,S,601.0
2021-04-21,S,200.0
2021-06-18,M,236.0
2021-06-18,M,236.0
2021-06-18,S,35765.0
2021-06-18,S,1670.0
2021-06-18,S,354.0
2021-06-18,C,11545.0
2021-06-18,C,4080.0
2021-06-18,S,6931.0
2021-06-18,S,3283.0
2021-06-18,S,941.0
2021-06-18,S,1440.0
2021-06-18,S,691.0
2021-06-18,S,235.0
2021-06-18,S,80.0
2021-06-18,C,80529.0
2021-06-18,S,1846.0
2021-06-18,S,8631.0
2021-06-18,S,16714.0
2021-06-18,S,4901.0
2021-06-18,S,7450.0
2021-06-18,S,3572.0
2021-06-18,S,1230.0
2021-06-18,S,420.0
2021-06-12,A,80.0
2021-06-18,S,80.0
2021-04-21,S,1364.0
2021-04-21,S,1110.0
2021-04-21,S,432.0
2021-04-21,S,656.0
2021-04-21,S,469.0
2021-04-21,C,4080.0
2021-04-21,C,11545.0
2021-04-21,S,2782.0
2021-04-21,S,11138.0
2021-04-21,S,30654.0
2021-04-21,S,11134.0
2021-04-21,S,5777.0
2021-04-21,S,6243.0
2021-04-21,S,4639.0
2021-04-21,S,2289.0
2021-04-21,S,3422.0
2021-04-21,S,2451.0
2021-04-21,C,80529.0
2021-04-21,S,596.0
2021-04-21,S,2215.0
2021-04-21,S,6060.0
2021-04-21,S,1959.0
2021-04-21,S,764.0
2021-03-29,G,15000.0
2019-07-18,C,85908.0
2021-04-20,S,142.0
2021-04-20,S,468.0
2021-04-20,S,811.0
2021-04-20,S,1667.0
2021-04-20,S,1698.0
2021-04-20,S,2209.0
2021-04-20,S,1214.0
2021-04-20,S,1685.0
2021-04-20,S,2926.0
2021-04-20,S,2050.0
2021-04-20,S,755.0
2021-04-20,C,4080.0
2021-04-20,C,11545.0
2021-04-20,S,741.0
2021-04-20,S,2449.0
2021-04-20,S,4228.0
2021-04-20,S,8665.0
2021-04-20,S,8801.0
2021-04-20,S,10920.0
2021-04-20,S,6297.0
2021-04-20,S,8728.0
2021-04-20,S,15133.0
2021-04-20,S,10629.0
2021-04-20,C,80529.0
2021-04-20,S,3938.0
2021-06-17,C,4080.0
2021-06-17,S,550.0
2021-06-17,C,11545.0
2021-06-17,S,48.0
2021-06-17,S,112.0
2021-06-17,S,663.0
2021-06-17,S,1015.0
2021-06-17,S,1255.0
2021-06-17,S,168.0
2021-06-17,S,160.0
2021-06-17,S,272.0
2021-06-17,S,876.0
2021-06-17,S,879.0
2021-06-17,S,1857.0
2021-06-17,S,1374.0
2021-06-17,S,1561.0
2021-06-17,S,1706.0
2021-06-17,S,3129.0
2021-06-16,S,500.0
2021-06-16,S,1300.0
2021-06-16,S,1100.0
2021-06-16,S,1848.0
2021-06-16,S,796.0
2021-06-16,S,1677.0
2021-06-16,S,994.0
2021-06-16,S,600.0
2021-06-16,S,325.0
2021-06-16,S,3971.0
2021-06-17,S,252.0
2021-06-17,S,588.0
2021-06-17,S,3442.0
2021-06-17,S,5276.0
2021-06-17,S,6506.0
2021-06-17,S,882.0
2021-06-17,S,840.0
2021-06-17,S,1422.0
2021-06-17,A,80529.0
2021-06-17,S,2867.0
2021-06-17,S,16175.0
2021-06-17,S,8833.0
2021-06-17,S,8098.0
2021-06-17,S,7142.0
2021-06-17,S,9572.0
2021-06-17,S,4540.0
2021-06-17,S,4094.0
2021-04-19,S,100.0
2021-04-19,S,100.0
2021-04-19,S,300.0
2021-04-19,S,100.0
2021-04-19,S,300.0
2021-04-19,S,693.0
2021-04-19,S,300.0
2021-04-19,S,300.0
2021-04-19,S,200.0
2021-04-19,S,200.0
2021-05-17,S,2593.0
2021-06-15,S,1890.0
2021-06-15,S,800.0
2021-06-15,S,2400.0
2021-06-15,S,200.0
2021-06-15,S,700.0
2021-06-15,S,1710.0
2021-06-15,S,700.0
2021-06-15,S,1338.0
2021-06-15,S,1100.0
2021-06-15,S,914.0
2021-06-15,S,500.0
2021-06-14,C,4000.0
2021-06-14,S,4000.0
2021-06-14,S,200.0
2021-06-14,S,600.0
2021-06-14,S,400.0
2021-06-14,S,394.0
2021-06-14,S,300.0
2021-06-14,S,300.0
2021-06-14,S,399.0
2021-06-11,S,600.0
2021-06-11,S,700.0
2021-06-11,S,900.0
2021-06-11,S,400.0
2021-06-11,S,700.0
2021-06-11,S,800.0
2021-06-11,S,100.0
2021-06-11,S,658.0
2021-06-11,C,6700.0
2021-06-11,S,200.0
2021-06-11,S,200.0
2021-06-11,S,300.0
2021-06-11,S,300.0
2021-06-11,S,542.0
2021-06-11,S,100.0
2021-06-11,S,200.0
2021-06-11,S,800.0
2021-06-11,C,9186.0
2021-06-11,S,8386.0
2021-06-10,M,21875.0
2021-06-10,F,10496.0
2021-06-11,S,3350.0
2021-05-11,S,7200.0
2021-05-11,S,500.0
2021-05-10,S,2750.0
2021-05-10,C,6700.0
2021-05-10,S,500.0
2021-05-10,S,1113.0
2021-05-10,S,807.0
2021-05-10,S,200.0
2021-05-10,S,530.0
2021-05-10,S,800.0
2021-06-08,C,189.0
2021-06-08,S,189.0
2021-06-08,M,225.0
2021-06-08,F,116.0
2021-06-08,S,400.0
2021-06-08,M,225.0
2021-06-08,F,116.0
2021-06-08,C,8000.0
2021-06-08,S,8000.0
2021-06-08,M,225.0
2021-06-08,F,81.0
2021-06-08,F,92.0
2021-06-08,M,225.0
2021-04-07,S,100.0
2021-04-07,S,500.0
2021-04-07,S,800.0
2021-04-07,S,1493.0
2021-04-07,S,436.0
2021-04-07,S,700.0
2021-04-07,S,100.0
2021-04-07,S,200.0
2021-04-07,S,519.0
2021-04-07,S,1402.0
2021-04-07,C,6700.0
2021-04-07,S,601.0
2021-04-07,S,100.0
2021-04-07,S,400.0
2021-04-07,S,300.0
2021-04-07,S,500.0
2021-04-07,S,415.0
2021-04-07,S,1478.0
2021-04-07,S,1406.0
2021-04-07,S,1500.0
2021-04-07,S,265.0
2021-04-07,S,323.0
2021-04-07,S,1057.0
2021-04-07,S,2255.0
2021-04-07,S,1800.0
2021-04-07,S,1000.0
2021-04-07,S,400.0
2021-04-07,S,100.0
2021-04-07,S,500.0
2021-05-05,S,8619.0
2021-05-05,S,4721.0
2021-05-05,S,7990.0
2021-05-05,S,5011.0
2021-05-05,S,6411.0
2021-05-05,S,3483.0
2021-05-05,S,7856.0
2021-05-05,S,3634.0
2021-05-05,S,1370.0
2021-05-05,M,80529.0
2021-05-05,S,168.0
2021-05-05,S,1218.0
2021-05-05,S,5407.0
2021-05-05,S,5246.0
2021-05-05,S,5643.0
2021-05-05,S,6224.0
2021-05-05,S,7528.0
2021-05-05,S,1197.0
2021-05-05,S,907.0
2021-05-05,S,1662.0
2021-05-05,S,1560.0
2021-05-05,S,1536.0
2021-05-05,S,969.0
2021-05-05,S,1238.0
2021-05-05,S,521.0
2021-05-05,S,1659.0
2021-05-05,S,707.0
2021-05-05,S,262.0
2021-05-05,C,11545.0
2021-05-05,C,4080.0
2021-05-05,S,32.0
2021-05-05,S,232.0
2021-05-05,S,1043.0
2021-05-05,S,1087.0
2021-05-05,S,1013.0
2021-05-06,S,338.0
2021-05-06,S,1050.0
2021-05-06,S,1489.0
2021-05-06,S,2987.0
2021-05-06,S,2086.0
2021-05-06,S,2533.0
2021-05-06,S,3206.0
2021-05-06,S,1300.0
2021-05-06,S,636.0
2021-05-06,C,80529.0
2021-05-06,S,1744.0
2021-05-06,S,5453.0
2021-05-06,S,7722.0
2021-05-06,S,15451.0
2021-05-06,S,10407.0
2021-05-06,S,13123.0
2021-05-06,S,16585.0
2021-05-06,S,6746.0
2021-05-06,S,3298.0
2021-05-06,C,4080.0
2021-05-06,C,11545.0
2021-06-03,S,300.0
2021-06-03,S,893.0
2021-06-03,S,700.0
2021-06-03,S,200.0
2021-06-03,S,200.0
2021-06-03,S,300.0
2021-06-03,S,2000.0
2021-06-03,S,400.0
2021-06-03,S,800.0
2021-06-03,S,1667.0
2021-06-03,S,1833.0
2021-06-03,S,1700.0
2021-06-03,S,300.0
2021-06-03,C,6700.0
2021-04-05,S,200.0
2021-04-05,S,200.0
2021-04-05,S,200.0
2021-04-05,S,400.0
2021-04-05,S,100.0
2021-04-05,S,300.0
2021-04-05,S,400.0
2021-04-05,S,493.0
2021-04-05,S,100.0
2021-04-05,S,200.0
2021-05-03,S,100.0
2021-05-03,S,902.0
2021-05-03,S,507.0
2021-05-03,S,200.0
2021-05-03,S,200.0
2021-05-03,S,500.0
2021-05-03,S,184.0
2021-05-02,M,87.0
2021-05-02,M,25.0
