Date,daily_return,cumulative_return,daily_return_ndxt
2019-04-18,,,-0.0015599758077643466
2019-04-22,0.0596773701329385,,0.0002825349379560471
2019-04-23,0.05022835928527547,,0.011853886415307713
2019-04-24,-0.08405795995739918,,0.001841362385650358
2019-04-25,0.028481000242583265,,-0.006554631147299039
2019-04-26,0.018769249549278832,0.06806453581779226,-0.0007694083249980554
2019-04-29,0.029447250261187552,0.037595149702198016,-0.00034468620856054066
2019-04-30,0.06307764657850123,0.05028987276381347,0.005029919400305394
2019-05-01,0.004001668423382121,0.15126584268804333,-0.009199944866539078
2019-05-02,0.03765802341016089,0.1615384615384614,0.0019346292149666766
2019-05-03,0.04874172589636805,0.1957112480454144,0.006287227403249274
2019-05-06,-0.01187171555674782,0.14771893744030606,-0.012376591083046118
2019-05-07,-0.06275557472872206,0.01186698766200478,-0.025134353088885675
2019-05-08,0.05932085593210634,0.0676195440419789,-0.004709987116842895
2019-05-09,-0.03179713196446199,-0.003841071728838963,-0.00599860372810046
2019-05-10,0.058768757116736126,0.005683214782872037,-0.0002202352437115085
2019-05-13,-0.08903675225966812,-0.07285272372025042,-0.04226558839753114
2019-05-14,0.008271277454487302,-0.002591060093575237,0.01961539058635209
2019-05-15,0.09051138640724354,0.026776542519092894,0.011696803779985832
2019-05-16,0.04563690185754132,0.10889512752430153,0.0025051011950945057
2019-05-17,0.07889690300560637,0.12997622077742,-0.016288250665195347
2019-05-20,-0.05901316948082891,0.16721804659946615,-0.029123961725520675
2019-05-21,0.009094180809175345,0.16817067479356096,0.018088953958075527
2019-05-22,-0.03522942474509749,0.033475402425202416,-0.009714598692324938
2019-05-23,-0.04452260287951104,-0.05563548327044876,-0.017855829806525447
2019-05-24,-0.03186899527870679,-0.15258949594021765,-0.0024233479015665083
2019-05-28,0.01993438220414956,-0.0814928743958524,-0.0044283736879734414
2019-05-29,-0.02571685851009109,-0.11317890358174332,-0.005618270476839937
2019-05-30,0.06136995818785507,-0.02438435192028343,0.0056500137824677665
2019-05-31,-0.008579890919198863,0.012315911559084292,-0.016281331136295818
2019-06-03,-0.04803714624102817,-0.004590143922899914,-0.015873335969132762
2019-06-04,0.03741760580758746,0.012472692073719038,0.03620125568473154
2019-06-05,-0.008889979263820624,0.029959144424333672,0.001904656005339067
2019-06-06,0.01781137075014927,-0.012310344271455498,0.010680986783322188
2019-06-07,0.18406147161539632,0.1796061594368279,0.013792777127175082
2019-06-10,0.08452947039105485,0.3438734907695886,0.018053131712656656
2019-06-11,-0.06990193385703891,0.20485147727232,0.0003609225344329836
2019-06-12,0.08327177893719417,0.31688871652253714,-0.01269279906959253
2019-06-13,-0.017709445891540887,0.27093033564629243,0.0034101752184154677
2019-06-14,-0.006537850942712087,0.06634766253367919,-0.014863547067080818
2019-06-17,-0.021736965652358164,-0.03813724891812198,-0.0021456705885088967
2019-06-18,0.015594728058083929,0.050279292768738326,0.026876446106208318
2019-06-19,0.027599357856737283,-0.0036975505091992877,0.00636167229438156
2019-06-20,-0.0008789563280310331,0.013373017774411577,0.013039005750840937
2019-06-21,-0.017888580415083788,0.0017947981207755426,-0.005000428311291549
2019-06-24,-0.11008258608754451,-0.08867594428823444,-0.00021597775056247936
2019-06-25,-0.048987861574919966,-0.14662786732081623,-0.017354102795858806
2019-06-26,0.01528875773751448,-0.15685123209618268,0.01851131224565794
2019-06-27,0.04563876669112288,-0.11759536705590257,0.010823291938925284
2019-06-28,-0.016395211948340482,-0.11625360966721032,0.005527414003519526
2019-07-01,-0.021736685271711353,-0.028520332706780338,0.02265526332469192
2019-07-02,-0.019917146497549276,0.001176037581520628,-0.003849958863495373
2019-07-03,0.06249265671872939,0.047723792769635454,0.00432186027263759
2019-07-05,0.015809843597828666,0.017835390165324094,-0.002264831714033577
2019-07-08,-0.012189760020327345,0.022187196760785843,-0.0048910432545896665
2019-07-09,0.0018730516190397228,0.04685700743984533,0.006993450543684165
2019-07-10,0.01968548234377887,0.08915780820115593,0.0094032280811287
2019-07-11,-0.014236407220079683,0.010503091317740632,0.002418805050035555
2019-07-12,0.020787762518154285,0.015455004797434668,0.01153809714873133
2019-07-15,0.06966773619925992,0.09960335723613523,-0.0006680326847698925
2019-07-16,-0.027054153257254465,0.06785437312479758,-0.011051235690303418
2019-07-17,0.02708552959981203,0.07560399098296444,-0.00048731936884394145
2019-07-18,-0.045522919509775606,0.04146609247543909,0.010078540939438163
2019-07-19,-0.01901465638791655,0.0008573869136512258,-0.006654692799503037
2019-07-22,0.03523239464870431,-0.03136277341784466,0.014506899884137114
2019-07-23,0.0074480318024297,0.00298662121611315,0.008586562043339407
2019-07-24,-0.014888561015807045,-0.038002614939888435,0.015767988511633302
2019-07-25,0.012195102555473403,0.020170166190794703,-0.012988777880086233
2019-07-26,0.05241474931417156,0.09445277312322231,0.0020961798035894486
2019-07-29,-0.056066496072802674,-0.0020688626464300253,-0.0037813179988065437
2019-07-30,-0.010158633197190015,-0.01950920564520353,-0.003103218541784969
2019-07-31,0.00020949076247211984,-0.004481970963450821,-0.025498250427405167
2019-08-01,-0.004292782461930766,-0.020698199192640265,-0.010158568695765702
2019-08-02,-0.015141901525935086,-0.08356158063740238,-0.022518219009486695
2019-08-05,-0.04238736990685399,-0.07028090280402988,-0.03986412835710662
2019-08-06,0.008250617054592846,-0.05298981748656617,0.013834509130428607
2019-08-07,0.022337682585972463,-0.03203858359906264,0.004137419652980423
2019-08-08,0.035911301291690734,0.007045196421613387,0.03238505047509288
2019-08-09,-0.016393440011025495,0.005765463004687721,-0.013987002462541476
2019-08-12,-0.021655980384518214,0.027539314900975498,-0.014753256292146077
2019-08-13,0.035698710453561544,0.05551251383529077,0.027873205299852488
2019-08-14,-0.0293346832046687,0.0021633811166992256,-0.03100979333327225
2019-08-15,-0.02169457207908454,-0.053565808011223126,-0.0028247701524153346
2019-08-16,0.02085171450105161,-0.017728218928317774,0.02008265959347999
2019-08-19,0.006916669167747136,0.010959141348767076,0.01651670726516108
2019-08-20,-0.018890142121120723,-0.04232575605343902,-0.007359362989845519
2019-08-21,0.01750353801576665,0.0038855974573408503,0.008978529643977495
2019-08-22,0.00935378020864075,0.03574578426287589,-0.0006330309382331922
2019-08-23,-0.023966766785542104,-0.009726591783769334,-0.033952594424221494
2019-08-26,0.001418802648798012,-0.01513358442014856,0.011241458540353078
2019-08-27,-0.0003269265322415338,0.0035007076031534634,-0.0030483448237688116
2019-08-28,-0.017115443555748566,-0.030641849356660922,0.0010781543046938236
2019-08-29,0.007874878611734637,-0.03206214949826647,0.019894086980848824
2019-08-30,0.008803734986058132,0.00043654825631755934,0.003285589062760552
2019-09-03,0.008617878600492457,0.007628562902635361,-0.012095686854823873
2019-09-04,0.011572568736958999,0.01962275543977965,0.019917460689887534
2019-09-05,-0.008981036553552868,0.028061209810710697,0.025599454495067286
2019-09-06,-0.0785413592355757,-0.06008582501861992,0.0006989900836633645
2019-09-09,-0.07914766240935567,-0.14203116508272307,0.0008674179526944048
2019-09-10,0.021614709666379683,-0.1309755648957739,-0.000992213172140044
2019-09-11,0.004480405938869003,-0.13706831885110593,0.012675029752693412
2019-09-12,0.010159827829585133,-0.1204013741305503,0.0010581676232899184
2019-09-13,-0.03287133993992308,-0.07680605206317892,-0.0036121302784714038
2019-09-16,0.02308179746409955,0.025683364321382074,-0.004371925997315396
2019-09-17,0.04921285869362291,0.05339142497817284,0.003798923774999574
2019-09-18,-0.0010632837729158684,0.04757779718552757,-0.0007674745482515455
2019-09-19,0.0008279088385292344,0.03790020867840127,-0.003513743258741986
2019-09-20,-0.023516963230593158,0.0479391103671043,-0.012372096841034685
2019-09-23,-0.0001209549457600323,0.024172612146994954,0.0026071357659640526
2019-09-24,-0.03146945070300411,-0.054584153826766846,-0.01714650045197652
2019-09-25,-0.005248665165767719,-0.05854529153129118,0.01586157292405832
2019-09-26,0.0018844413160092888,-0.05755143687677022,0.002811767689730571
2019-09-27,-0.04652036469558185,-0.07975307463317172,-0.021587310626024037
2019-09-30,0.002104103508528077,-0.07770522373415722,0.008434508880453606
2019-10-01,-0.005118102431333926,-0.052611837804137696,-0.010866213942714809
2019-10-02,-0.025854097712610602,-0.07223618228924189,-0.015595871474782474
2019-10-03,0.04035211128647287,-0.03661439710276271,0.014090965028591862
2019-10-04,-0.003904764344760836,0.006443948683191758,0.01590510885440044
2019-10-07,0.006010702885272945,0.010367466498245603,-0.004539724399159506
2019-10-08,-0.044161600470428164,-0.029283752700127397,-0.025681571427619843
2019-10-09,-0.009919768499338733,-0.013405523144546239,0.015077986192746362
2019-10-10,-0.025391139975618593,-0.07575165373055837,0.007796286930795926
2019-10-11,0.004788006304215386,-0.06768587988762775,0.019525101770882847
2019-10-14,-0.00770841533462352,-0.0803999868004237,0.0004626671571663632
2019-10-15,0.004378496401576726,-0.03370017462906372,0.016374048433001276
2019-10-16,-0.0480944753141721,-0.0709579759214386,-0.01294388201023633
2019-10-17,-0.009750386147211132,-0.05604848946910457,0.0008703967835810289
2019-10-18,-0.014172713196223485,-0.0738612019028686,-0.011369163271544358
2019-10-21,-0.004691361673700656,-0.07104528519602282,0.01339017540011822
2019-10-22,-0.057320918891423545,-0.12811138422385848,-0.011579715098207877
2019-10-23,0.0009677640853389402,-0.08317330277818602,-0.00743666040423363
2019-10-24,0.03963898187785264,-0.03744595228913705,0.020404169708913455
2019-10-25,-0.01658394196835311,-0.03980025719187019,0.00932463062500033
2019-10-28,0.04901492132795715,0.012011569953616963,0.012481866486768523
2019-10-29,-0.016075717158527292,0.05629028812531511,-0.00546997634401003
2019-10-30,0.06886551051065926,0.1279406775863554,0.004245611443484343
2019-10-31,-0.0015714372907366103,0.08323005309950116,-0.009334866148212217
2019-11-01,0.007154099361375232,0.1093774396100966,0.017268369073179413
2019-11-04,-0.0038357244694920967,0.05348565682945483,0.013740901919289117
2019-11-05,-0.046063936543286,0.021377333509632113,0.00016510159315363815
2019-11-06,-0.0008969585758888954,-0.0452856881277901,-0.005662721645890989
2019-11-07,-0.00029933071843257775,-0.044069278265166045,0.0089269435150372
2019-11-08,0.04550218569999487,-0.007671557326462519,0.004265269228557855
2019-11-11,-0.020901920062511903,-0.02467203778051663,-0.003523370730388553
2019-11-12,-0.005702579223994975,0.016594418006876666,0.003866688347959224
2019-11-13,0.00014709023868331172,0.017656745067264668,0.0003783420732288434
2019-11-14,-0.003970067107483599,0.013920076922022462,-0.002185424688997295
2019-11-15,0.03351054538008835,0.0022906752412978904,0.0095833904943039
2019-11-18,0.0009998527737222762,0.024711251008755486,-0.0010024050918550076
2019-11-19,-0.006278573486156347,0.024117638083064996,-0.0004397489959269141
2019-11-20,0.019385388942461113,0.04381702152530198,-0.0074130635751396
2019-11-21,-0.015072541583640575,0.032181877382988944,-0.007525058502014792
2019-11-22,0.046338752545950435,0.04499359276906456,0.002026315979068327
2019-11-25,0.018999443959409446,0.06378426232749224,0.01661595462576937
2019-11-26,0.008182435752927653,0.07926485239575487,7.336548212522054e-05
2019-11-27,-0.014369369058441772,0.04352731455514247,0.008533627779527375
2019-11-29,0.005669521578889114,0.06550346039752752,-0.006785984787748278
2019-12-02,-0.07476509657482178,-0.05781852303438817,-0.01604177295978404
2019-12-03,0.015813090571084487,-0.06076467100271421,-0.010519456838340546
2019-12-04,-0.0008568632029446466,-0.06918579462840313,0.008890752563457616
2019-12-05,-0.004145238984025523,-0.05953028554408979,0.0018351228072730486
2019-12-06,-0.09946887717254871,-0.1578523264635331,0.012158077680874735
2019-12-09,0.05100415488254173,-0.043377308146407056,-0.004964761271459728
2019-12-10,-0.020776504335125012,-0.07783486446056376,0.00172542180987878
2019-12-11,-0.01626140997403025,-0.0920525830615444,0.013012432625244541
2019-12-12,-0.016215345904818657,-0.10305722232211745,0.016703914499679673
2019-12-13,0.016802675769848285,0.012751023520216398,9.48233362985107e-06
2019-12-16,0.044224071735999404,0.006217713338412034,0.011229462196595819
2019-12-17,-0.0027128908713688338,0.0247792857624769,0.000956448457251291
2019-12-18,0.02161100717465181,0.06423170634374187,0.002186742517639839
2019-12-19,0.008579908937079717,0.09105454430912063,0.007865732226777666
2019-12-20,-0.0183338221531969,0.05335220870007884,0.006996555253886205
2019-12-23,-0.01165394853937507,-0.0030142720850282467,0.0014760389791608208
2019-12-24,0.004686281956810978,0.004382664705338213,0.0005942954777113929
2019-12-26,0.014896146214375072,-0.0022189575335024303,0.0037354307403794085
2019-12-27,-0.012008859825676566,-0.02258728232083096,-0.0022322418797523502
2019-12-30,0.0022509232781027233,-0.0020917285075466863,-0.007010819707421012
2019-12-31,0.018715376296834174,0.028571418685591876,0.002951310686668096
2020-01-02,0.009994125455994762,0.03400544940360217,0.02189555005975885
2020-01-03,-0.02095463352483795,-0.0025203584379071,-0.011668889099590296
2020-01-06,0.04518431882705087,0.05522209392077837,-0.0021806409013185313
2020-01-07,0.022468740584635993,0.07650846743982553,0.010545205519826961
2020-01-08,0.009040354827321462,0.06628456901153901,0.0067127000232802825
2020-01-09,0.0009648475793209155,0.05675205844879927,0.007981527228898555
2020-01-10,0.006471957773792836,0.08635549441153634,-0.0031382768046714915
2020-01-13,0.012860890525437707,0.052758804046834085,0.010531083161270383
2020-01-14,-0.011751926672066926,0.01752436869944929,-0.0021331328968178243
2020-01-15,0.05166755863975703,0.060509982150056985,-0.00463891670705896
2020-01-16,-0.010787650178290198,0.04805835488533927,0.014284449773661612
2020-01-17,-0.007226422905625474,0.0337939710556896,0.0021419781132472338
2020-01-21,0.015484460510107212,0.036471763098175236,-0.0004985762443273645
2020-01-22,-0.01550895854742218,0.032531398773707476,0.0033087500726052266
2020-01-23,-0.014164676752132288,-0.03210295220076398,0.008264713961545045
2020-01-24,-0.01973950848136219,-0.04086191808450168,-0.00980223115279033
2020-01-27,-0.035068459706763644,-0.06776065752539417,-0.028238530233322123
2020-01-28,0.015190227963354674,-0.06803077013330294,0.016551737895731167
2020-01-29,0.02894699528718725,-0.025946505966612632,-0.00974434835283644
2020-01-30,0.013047010880441245,0.0009399717158158349,0.0005963383728748717
2020-01-31,0.023611512135947033,0.04520552125695643,-0.02627224251685667
2020-02-03,0.14888597845331075,0.24446338194021444,0.016640251869241673
2020-02-04,-0.021332451157429433,0.1996923276843523,0.026613269718906096
2020-02-05,0.013987608525890538,0.18225055312590532,0.008491684136154865
2020-02-06,0.0031038542256751622,0.17064664696097998,0.007392704712023912
2020-02-07,0.015814774462915127,0.16172995864128392,-0.014182292658290407
2020-02-10,0.01162002240962523,0.022929436719893337,0.013501916116888335
2020-02-11,-0.011040458168676381,0.033686902422277454,0.008427744959941474
2020-02-12,-0.004510617100838665,0.014829301611750445,0.011623748375987786
2020-02-13,0.017897619538993714,0.029795993702383727,-0.0010193196105570124
2020-02-14,0.01212993913295235,0.026060441950584323,-0.0003046454086912398
2020-02-18,0.05981311296252212,0.07494146713421501,-0.006850370297881381
2020-02-19,0.07822389213892955,0.1719666209688766,0.014899768026467308
2020-02-20,0.01308573661462642,0.192682401126399,-0.013733919515948378
2020-02-21,-0.03352643886981199,0.1324282377593049,-0.025485101902494756
2020-02-24,0.0319378924112943,0.15459049653393153,-0.04231224296249181
2020-02-25,0.0197124050348918,0.11090364673821451,-0.029222703247042237
2020-02-26,-0.0018678051383700378,0.02838446011334539,0.0008457311499960873
2020-02-27,0.062406492980392914,0.07845001485808112,-0.04645142585530415
2020-02-28,-0.07529725074389115,0.03183960098027527,0.011291882646807583
2020-03-02,0.07723810105096729,0.07713549480375126,0.03479823126399206
2020-03-03,0.038546552796610456,0.09703025039205015,-0.03293549296468323
2020-03-04,-0.005703568247066859,0.09281442789354677,0.04447168419440373
2020-03-05,0.07020545148965884,0.10083660625727231,-0.03169239297966897
2020-03-06,-0.08544000244140626,0.08876190185546884,-0.02135675040087126
2020-03-09,-0.004986001542563234,0.005658203396648798,-0.07776787301665322
2020-03-10,-0.04624177702180632,-0.07644507758250485,0.05057281338240793
2020-03-11,0.016683613454035573,-0.05565068347746227,-0.047413840935770835
2020-03-12,-0.007524948396104847,-0.12423999023437504,-0.09904502645203817
2020-03-13,-0.018269845416076902,-0.05991951095527537,0.10192999155502425
2020-03-16,0.003628913978027448,-0.051780214414491765,-0.13243844755108192
2020-03-17,0.030038919390276586,0.024057522921411945,0.0816849491058218
2020-03-18,0.06849685611943723,0.07624656210361569,-0.06882628382567979
2020-03-19,0.04262486393410825,0.1306293529085929,0.025951465617032543
2020-03-20,0.05477907887679678,0.21475762137247045,-0.03530631386335015
2020-03-23,0.22221366395016195,0.479325019985958,0.01505666190632926
2020-03-24,-0.15279521970323207,0.21674162495393046,0.09467772406081165
2020-03-25,0.02167486383578754,0.16342348307217258,-0.008332602900537722
2020-03-26,0.022011391446659312,0.1404217316377505,0.0642507012809288
2020-03-27,0.07474320586577488,0.16200684337095916,-0.04742656743090601
2020-03-30,-0.005405353209792407,-0.05439955382672779,0.04103755016792232
2020-03-31,-0.031548313968587594,0.08092915397358369,-0.017231011090776516
2020-04-01,-0.062414422542741765,-0.008037076283007094,-0.04948433108888595
2020-04-02,-0.10999999777243952,-0.13616715850093508,0.018329378389951412
2020-04-03,0.05142291993253001,-0.15491101168589905,-0.017965841631212842
2020-04-06,-0.04102959931394956,-0.185180285904067,0.09232004908124858
2020-04-07,-0.07475192987560131,-0.22153022309661952,-0.005270565925867832
2020-04-08,0.035692286229395576,-0.14007301052121335,0.030994382141239285
2020-04-09,0.056871273376475795,0.021159696748932033,-0.006804694265550526
2020-04-13,0.0916391923295512,0.06021841969169417,0.004271323393671089
2020-04-14,0.0439229053938226,0.15414020312285137,0.04148292355404992
2020-04-15,0.06815137226401857,0.33239558293269256,-0.0202342050618044
2020-04-16,-0.008577481345334759,0.27544349054164874,0.01886148456685377
2020-04-17,-0.0013310059600267765,0.20520436096698647,0.013737277942931003
2020-04-20,-0.007130428380900722,0.0961595607731911,-0.015577531918245957
2020-04-21,-0.03839184515612071,0.00972587841813155,-0.04326472806452997
2020-04-22,0.048719170233742615,-0.008643425572023467,0.04583478020808052
2020-04-23,0.12539099060160153,0.12531613549472098,-0.008701836227600901
2020-04-24,-0.06085512750009425,0.05824340687298335,0.019816507000022243
2020-04-27,0.03652394798674785,0.10477213259159046,0.012426424861597951
2020-04-28,-0.04787366093933698,0.09387866648390597,-0.01404743169575462
2020-04-29,-0.0653394934494892,-0.025091542578775106,0.041406412165397866
2020-04-30,-0.07721189164717734,-0.20060322256535734,-0.019484746224105454
2020-05-01,0.02507952530569213,-0.12745595153777955,-0.0447879101786397
2020-05-04,0.03521943539836503,-0.12855408795551337,0.009720835929579952
2020-05-05,0.009620781227860142,-0.07593155821716757,0.018376923227961584
2020-05-06,0.032937362052419816,0.02123157223554495,0.008764833075719292
2020-05-07,0.054883394042757994,0.16741884433946552,0.011399923999251271
2020-05-08,-0.015209183199358045,0.1215357724784123,0.02100804820245261
2020-05-11,0.07129988588310598,0.16062460188220085,0.0020577705707534033
2020-05-12,-0.03267661329298299,0.1120010022206479,-0.024271664447732988
2020-05-13,0.0378788273586006,0.1173206997887497,-0.021227653776113686
2020-05-14,0.004606941936536879,0.06406844369347398,0.019635329186879824
2020-05-15,0.04121254254076878,0.12503223100197247,-0.006192599921117314
2020-05-18,-0.05799919512354135,-0.010752002234925118,0.033441729331438186
2020-05-19,0.05458734653655428,0.07848981567696622,0.0005831848077173518
2020-05-20,0.010363905617603253,0.049898267131423424,0.02672066544338958
2020-05-21,-0.019660343242764,0.024536924705679475,-0.014642238227759119
2020-05-22,-0.005638558551334882,-0.021563829050943006,0.0037788798499556187
2020-05-26,-0.04127205459695782,-0.004189704482223999,0.007316742532787801
2020-05-27,-0.012378041337176016,-0.06742280025850667,0.009812113235877273
2020-05-28,0.009754904112779128,-0.06798491546754137,-0.008633364438291768
2020-05-29,0.09740135969755981,0.043306382614116234,0.021939497346120884
2020-06-01,0.13745263403279662,0.19344087928304932,-0.0016672353286723007
2020-06-02,0.019250590507306375,0.2687804989698459,0.011539053342806804
2020-06-03,0.07588424234517799,0.3821694970054266,0.019000124840067523
2020-06-04,-0.060392144139703396,0.2861510374716858,-0.0038975972640998835
2020-06-05,-0.013073448634209672,0.15667489996302653,0.02689864713378931
2020-06-08,0.010741790279269692,0.027822719100596194,0.0031374632342713316
2020-06-09,-0.020969399594325533,-0.012735530238148662,-0.0031984976745865756
2020-06-10,0.07588965658624414,-0.01273056196403044,0.0038731975226724558
2020-06-11,0.004750715009775419,0.055716666891540756,-0.060682470157328305
2020-06-12,-0.011482879126647916,0.057418101245149344,0.01521082140869301
2020-06-15,0.08883017319823505,0.13911262539524105,0.011922317127254445
2020-06-16,0.01481044775690643,0.1807428623210472,0.022319473567914194
2020-06-17,-0.023911622320810455,0.07121522907479294,0.0035985909047639986
2020-06-18,0.02031598635319254,0.08781014705660084,0.0015700048753788387
2020-06-19,0.007906562675046303,0.10914718927091416,-0.0027394493055928892
2020-06-22,0.031994449981998185,0.05125094042771505,0.008572872115468977
2020-06-23,0.00612883854000712,0.04225758617730846,0.0033145203810189816
2020-06-24,0.012222603408611032,0.08084135763525624,-0.022497429382911327
2020-06-25,0.014107135424946238,0.07426419628877357,0.009601714264577899
2020-06-26,-0.010442841781339363,0.05470672046641201,-0.013006239874328251
2020-06-29,-0.0320871909114655,-0.010785237663818559,0.007985745302482972
2020-06-30,0.02003538693455731,0.002887527133375478,0.02163329819541171
2020-07-01,0.02204784943088267,0.012622161248017294,-0.002003255115476943
2020-07-02,0.010072107831522015,0.00859304221353141,0.00819557747463917
2020-07-06,-0.0028271959271961578,0.01635518849953077,0.02123201232370575
2020-07-07,0.004214582772090525,0.054473803821670996,-0.009573227396260764
2020-07-08,0.016100729196612207,0.05040630423801806,0.013117903273494935
2020-07-09,0.012015551222020804,0.040095642862963965,0.010902552163065904
2020-07-10,0.023560427286873686,0.05398489115155747,-0.0012459430414135664
2020-07-13,-0.056439654909207215,-0.002682039107399614,-0.022783038159710056
2020-07-14,-0.0011140147558300617,-0.007974041546055077,0.009725842550406094
2020-07-15,-0.014576394763948564,-0.03792432346706842,0.0022752673068222595
2020-07-16,-0.0299742717117345,-0.07784207696177514,-0.00632808499514792
2020-07-17,-0.00804699466494907,-0.10631820187112229,0.008013414577405786
2020-07-20,0.0893972332535653,0.03180944743601932,0.025183086198180993
2020-07-21,-0.030307485806166712,0.0016537543157237877,-0.007781319903666706
2020-07-22,0.0028413078921756263,0.01935833046384894,0.002912694228102808
2020-07-23,-0.03706253521416403,0.011909579117351354,-0.0174127170048205
2020-07-24,-0.01964215682467696,8.114007060000539e-05,-0.016985973453368386
2020-07-27,0.02340202924073176,-0.06050333440179323,0.0202120028640711
2020-07-28,-0.0005944959148134199,-0.031715595485310555,-0.014799250736070468
2020-07-29,0.0008327651676045544,-0.03365492584665297,0.018898431339236854
2020-07-30,-0.009469469453734836,-0.005964214711729587,0.011190999209516495
2020-07-31,0.01564001464843745,0.029810213239351402,0.004630307610967943
2020-08-03,0.05549208827802188,0.06210120895349158,0.012511181630283419
2020-08-04,-0.0024627002317514357,0.06011580657629745,0.00860707052608567
2020-08-05,0.020797477499649775,0.08126310296142858,-0.001544786124865638
2020-08-06,-0.01703918651697811,0.07299999999999973,-0.0014662338697744026
2020-08-07,-0.03548924143027721,0.018983132821474014,-0.01314233648117058
2020-08-10,-0.03374177952162438,-0.06716417910447758,-0.003222305862608299
2020-08-11,-0.07584002685546876,-0.13578216334632665,-0.013650417010316107
2020-08-12,0.024584522591878155,-0.13257601130436425,0.021875578060597034
2020-08-13,0.04448292803732867,-0.07828518173345744,-0.0043267341827891714
2020-08-14,-0.009464090345361442,-0.05341478273639089,-0.0044797704462676835
2020-08-17,0.08672569481350711,0.06459997558593766,0.010700168737659999
2020-08-18,0.04001500710395112,0.1980609238079587,0.001960165723659424
2020-08-19,-0.011885759293473908,0.15541571626903283,-0.004077015198733935
2020-08-20,0.06281303083021728,0.17569262868111712,0.006548669086946068
2020-08-21,-0.0034745252920371783,0.18280179798387874,0.0013406100004378363
2020-08-24,-0.025545409015411913,0.06060494177236797,0.0077332347533012324
2020-08-25,0.028907480860836055,0.04927751174121964,0.008878514459226938
2020-08-26,0.016629894407331314,0.07955825553402329,0.01464481819464658
2020-08-27,-0.001998158837142494,0.01372592865549005,-0.008166616676720029
2020-08-28,0.01557620623039968,0.03310548391453483,0.01541550417914661
2020-08-31,0.08631008132480567,0.15169338071911298,-0.0010243600866247649
2020-09-01,0.40784372146604153,0.5758504289840074,0.01959467802566195
2020-09-02,-0.07457013415358982,0.4344837379967579,0.01968409315779973
2020-09-03,-0.09972610840930907,0.2940139025446573,-0.05373154078267406
2020-09-04,-0.029974804511274544,0.2359742982165156,-0.01654298257075426
2020-09-08,-0.05139368194000338,0.07929867208642327,-0.04422317513201357
2020-09-09,0.11049358320266878,-0.14865959095017023,0.02343134200096464
2020-09-10,-0.013268274069394015,-0.0922655274282822,-0.01642931741586451
2020-09-11,-0.003849383437467546,0.00440572916058124,-0.0031220751247552636
2020-09-14,0.053550939335835546,0.09089186997692189,0.01844919955318014
2020-09-15,0.018413403623114277,0.1711696213030225,0.012268630036898598
2020-09-16,-0.006740616628255425,0.0475298853364543,-0.011214673146511367
2020-09-17,0.012139516400665018,0.07450319443184394,-0.008008960188640724
2020-09-18,0.0619788465629727,0.14550916706613104,-0.01326159944998706
2020-09-21,0.06778654181307364,0.16098731105285213,0.0008118780936499093
2020-09-22,0.051508111127577916,0.19871514862745143,0.015463475278522099
2020-09-23,0.016098239093636613,0.2262782230765581,-0.022222913948844125
2020-09-24,-0.07102468958837393,0.1255189373345309,0.004418466025213341
2020-09-25,0.06778783661433274,0.1316754896338106,0.019579246032568776
2020-09-28,-0.017804625051139222,0.04096314041753457,0.02044305783704825
2020-09-29,-0.04544150329265806,-0.055014222021387504,-7.665553430813432e-05
2020-09-30,0.009903298284774431,-0.06077560486269229,0.0010837205218168222
2020-10-01,0.027397854298245594,0.03873280317974026,0.01742181964820766
2020-10-02,-0.0015734886093148326,-0.028741166190678458,-0.026324753979936943
2020-10-05,0.006511382658323184,-0.004695912167749894,0.02353432851817283
2020-10-06,-0.014669211506303403,0.027389903329753107,-0.01100741932062399
2020-10-07,0.004934626976607515,0.022335198841070714,0.01961179830963533
2020-10-08,-0.004286214646761599,-0.009192742150311628,0.008937437934458892
2020-10-09,0.028962524757469632,0.021110242921131617,0.016000896710327117
2020-10-12,-0.001766810403357466,0.012711979499772763,0.020942910928170022
2020-10-13,0.055437948099257284,0.08476733513297185,-0.0009824516584672205
2020-10-14,-0.018388901928326984,0.059590968813283185,-0.0037510151329187558
2020-10-15,0.05331374455387827,0.12088608943005763,-0.004708284865378998
2020-10-16,0.042132689331296325,0.13523282598373965,-0.002005671258010544
2020-10-19,0.01670845591318204,0.1562436769651645,-0.012477702423063453
2020-10-20,-0.05510786825539482,0.03513954061569291,0.0015132704310492073
2020-10-21,-0.04437454140097852,0.007736872737174938,-0.0025755109212073357
2020-10-22,0.014322133227403722,-0.029567572082129567,-0.004121020684626497
2020-10-23,-0.017328138845078445,-0.08493740784674086,0.0009935281588939748
2020-10-26,0.012257564021616929,-0.08894331991327464,-0.020273167923346436
2020-10-27,0.040943264849965244,0.003668337550701395,0.001048329031028361
2020-10-28,-0.04263526389192751,0.005495055068888588,-0.03419955929270024
2020-10-29,-0.05102617505773388,-0.059284563442198346,0.020486712196306156
2020-10-30,-0.05875263323801061,-0.09894038637502756,-0.018090136957560454
2020-11-02,-0.017161709659719526,-0.12512791049795557,0.004111800621354966
2020-11-03,-0.0032891616652869216,-0.1623035344881083,0.019996054827435605
2020-11-04,0.07129410587844065,-0.0626150596831817,0.041171433924499956
2020-11-05,0.026938181621793733,0.014397194935457991,0.030479798144441572
2020-11-06,0.006804449681876434,0.08504910151221301,0.007385900173016324
2020-11-09,-0.17370178093148947,-0.08777044098371967,-0.01357450274893468
2020-11-10,-0.09009287907405694,-0.16721666932520818,-0.027119858249050943
2020-11-11,0.09927923619781875,-0.14546209239917385,0.026784213840315152
2020-11-12,0.03701557663449462,-0.13707646977618337,-0.009365234293390423
2020-11-13,-0.05846404259930249,-0.19301753935474641,0.012529915899834654
2020-11-16,-0.010976740232851001,-0.03409640081033627,0.01149709413056943
2020-11-17,0.006213230675812698,0.0681364709762835,-0.0052565020113336525
2020-11-18,0.03338894878140919,0.004112866458830355,-0.011077302392672017
2020-11-19,-0.0018070547045077046,-0.03347798995221041,0.013927649535915299
2020-11-20,0.06109246430414306,0.08925125310890536,-0.0071032052707281634
2020-11-23,-0.02120110826846555,0.07799074372749626,0.004941116534594281
2020-11-24,-0.006344731323959185,0.06453696834159373,0.009633963531647582
2020-11-25,0.037820170481595916,0.06910175425335408,0.0007355257112362512
2020-11-27,0.06285491763754658,0.13835713057131405,0.01253480037879351
2020-11-30,0.01431267405198855,0.0881710161735525,0.0067801260456124
2020-12-01,-0.150618759928293,-0.05570791412267806,0.011689589058483607
2020-12-02,0.016120666073505152,-0.03435856124622216,0.002729377416559098
2020-12-03,0.0016471036610155032,-0.0680158491678402,-0.003060127600635232
2020-12-04,-0.008536051425151125,-0.13061635143288508,0.01971629085439308
2020-12-07,-0.0052681729973961255,-0.14739940924662998,0.0022312825523305158
2020-12-08,0.010175294432706483,0.01400409164331684,0.004350050351007662
2020-12-09,-0.06466022972921726,-0.06660853794436628,-0.02313933864026252
2020-12-10,0.03269671627172377,-0.03767475157884581,0.0006161139827656203
2020-12-11,-0.002387128630643609,-0.03170654298764841,-0.0024121361796938245
2020-12-14,-0.002569253938590088,-0.0290793568509361,0.00947194129118567
2020-12-15,0.008687094437337173,-0.030509726515093982,0.013674085219426146
2020-12-16,0.011441322404470045,0.04837039484375172,0.005576773096375831
2020-12-17,-0.005891101195080406,0.009196913611157598,0.006590185851975461
2020-12-18,0.010930767147578235,0.022669453612298218,0.0011306409210307677
2020-12-21,0.007290439604646259,0.03277863407265835,-0.0014974064137210918
2020-12-22,7.33520287730105e-05,0.02395916055304026,0.006477657192845765
2020-12-23,-0.06141808097111856,-0.049801968111850226,-0.009998966470054937
2020-12-24,-0.02268935955061535,-0.06585822919930917,0.004695380605437949
2020-12-28,-0.06338459345945946,-0.13452869092739284,-0.0036951610874498275
2020-12-29,0.0067161423295527545,-0.13502213134430696,-0.004916296131845743
2020-12-30,-0.0009894165470406557,-0.1359413352164195,0.009544614955567132
2020-12-31,-0.045500811686419174,-0.12128789456696798,0.0014887382959154483
2021-01-04,0.06717657764168572,-0.040488317023589016,-0.010326099273054279
2021-01-05,0.002361174398568977,0.026864656166376122,0.010952401545791801
2021-01-06,-0.04550614838345124,-0.026402816502870907,-0.015605168419665638
2021-01-07,-0.005545726435934872,-0.030843220386916892,0.032795702282546024
2021-01-08,0.020759081318430628,0.036434180482899814,0.010546594222327066
2021-01-11,-0.03403791194498618,-0.061864600398869984,-0.0036482860274387185
2021-01-12,0.05655742082495152,-0.011140950484354484,0.006818278661546717
2021-01-13,0.021916446786036436,0.058709099636200746,-0.00025977483669092916
2021-01-14,0.05103799770274953,0.11894887659671527,0.007378404369572156
2021-01-15,0.0033660593304287723,0.09988276905941151,-0.013057694449151835
2021-01-19,0.024289382798587278,0.16629654165733987,0.02456037365791075
2021-01-20,-0.02810573910542513,0.07283985990360886,0.007075405675542212
2021-01-21,2.614881385643031e-05,0.04985874018136305,0.00402510071935791
2021-01-22,0.0015412249984414483,0.00041750252110062114,-0.007753148153794576
2021-01-25,0.02198746168487764,0.018984182810555472,0.0010119621224040642
2021-01-26,-0.044509028204791745,-0.04945789400117706,-0.009646652659477062
2021-01-27,-0.009749256847808807,-0.031504696821244904,-0.04156886404764881
2021-01-28,0.021173885500058942,-0.011023748720296211,0.020355212181394133
2021-01-29,-0.017221767814099342,-0.029551347815943596,-0.01636337507336827
2021-02-01,0.02650034981984084,-0.02526604454929471,0.03376612847562699
2021-02-02,0.02594717317872952,0.04660910015412423,0.02066683860458962
2021-02-03,-0.02901693350206891,0.02624483800675792,-0.017421317609264464
2021-02-04,0.024995426012860422,0.03008535555247982,0.014692647298513384
2021-02-05,0.0759269309128785,0.12771787050350292,0.002269636602068248
2021-02-08,-0.020925186148209485,0.07561596480150934,0.01660268480546212
2021-02-09,0.046785621905323316,0.09746325744775275,0.00429377310907797
2021-02-10,0.0022556594271483377,0.13280941629346854,0.005635138126918626
2021-02-11,0.004106703047962679,0.10972351613386655,0.022211834452823265
2021-02-12,0.0007856282702631834,0.032221905030320075,0.010251571345406107
2021-02-16,0.02632131513848357,0.08203308684624866,0.0012763262465136371
2021-02-17,-0.033947483760482844,-0.0014184716259194596,-0.015507920465671732
2021-02-18,-0.026803617450778083,-0.030371221201602294,-0.009009062748692287
2021-02-19,-0.001555344190827035,-0.0358388512183937,0.01628689984147913
2021-02-22,-0.054929810888439956,-0.0895153432729141,-0.034393398998199154
2021-02-23,-0.01567173691021162,-0.12676881254761185,-0.007374669584927274
2021-02-24,-0.007548414695326966,-0.10290624810117932,0.018349069606123702
2021-02-25,-0.053214960972310044,-0.12725226055794203,-0.05021146591939907
2021-02-26,0.024346706050375477,-0.10461108994983914,0.011861845187192355
2021-03-01,0.096491046074757,0.03884974252292639,0.03395528913129531
2021-03-02,-0.09000145190546394,-0.0395970604188447,-0.02532900538590699
2021-03-03,-0.08374688297725941,-0.11333489711853961,-0.03635544791797318
2021-03-04,0.004450007263749889,-0.05933159870754012,-0.034587488719281634
2021-03-05,-0.016497139883190126,-0.09683893389984277,0.01972459958155648
2021-03-08,-0.07853480892394304,-0.24100476029815532,-0.045565647816120824
2021-03-09,0.10027978455038866,-0.08229840524189458,0.05484895388701627
2021-03-10,-0.01777202312881232,-0.016219247668496806,-0.013030209836226714
2021-03-11,0.056959243870987164,0.0352094704561039,0.03832017132172583
2021-03-12,-0.02472055198174361,0.026553721267052577,-0.015370279908285434
2021-03-15,0.010421736190133535,0.12565531870371394,0.018585025820715417
2021-03-16,-0.042628609793526784,-0.020548943557062715,0.006304985282193698
2021-03-17,0.00468547029704558,0.0018450588323655204,0.006897116070280429
2021-03-18,-0.06038908938319132,-0.10938425158299658,-0.03822440851617159
2021-03-19,0.03142388154796061,-0.058113698523449164,0.010188752613644825
2021-03-22,0.006865659803002355,-0.061428571428571166,0.02036577791145544
2021-03-23,0.03427704647070007,0.013966883672266617,-0.01320671208876778
2021-03-24,-0.07299275252450854,-0.06442894054551984,-0.01812296557894022
2021-03-25,-0.00034920419909334477,-0.0046471964677100575,-0.0062569644339074415
2021-03-26,0.01619820868556321,-0.019340395297378632,0.03491351683123711
2021-03-29,-0.03613063640426928,-0.061217611420281814,-0.010999005710988552
2021-03-30,0.015564666704402486,-0.07820227972841032,-0.005106946968697623
2021-03-31,0.02586291401505081,0.02009784500120082,0.023613725797775098
2021-04-01,0.01537552463513836,0.03614421045642602,0.030087042078820847
2021-04-05,-0.006958340602652657,0.012533142975635014,0.01748255561616574
2021-04-06,0.01799610212254299,0.06939262907354582,-0.006326123685832852
2021-04-07,-0.020346347065703374,0.031578224252894804,-0.0023544421814771788
2021-04-08,0.025380749498072452,0.03109337349025676,0.015268365766936798
2021-04-09,-0.026050485735970796,-0.010973904819546854,0.0007459652388905891
2021-04-12,-0.003533191236399391,-0.007562605735507488,-0.006412000676383256
2021-04-13,0.06606323159225602,0.03929770799382126,0.00927341959773842
2021-04-14,-0.03953315183944206,0.018942756868651545,-0.012389477246519176
2021-04-15,0.009659758681240138,0.00332047243289324,0.018586416465195876
2021-04-16,-0.007310887057234372,0.0226251927743375,-0.006479137731363438
2021-04-19,-0.017032960832986,0.008771038913209184,-0.01907626752543823
2021-04-20,-0.007862325096481881,-0.061181622817514825,-0.010865140343240043
2021-04-21,0.0030455932315429646,-0.019562582632458136,0.017008550134964828
2021-04-22,0.01722641402394065,-0.012214927188611058,-0.012594215097030403
2021-04-23,0.02607211673865706,0.021003159325337473,0.018431904248384257
2021-04-26,-0.0013654459997949342,0.037276932001398366,0.013911587203581544
2021-04-27,-0.008709420000034496,0.036391296847228416,-0.006348064630938621
2021-04-28,-0.006716813997327931,0.026304343715134237,-0.006767224018094153
2021-04-29,-0.03064149100825475,-0.02199074396819589,0.002643825901435415
2021-04-30,-0.004764866864573114,-0.0513832738889185,-0.019941867816928416
2021-05-03,-0.01767998800573356,-0.06688068218876397,-0.012144503441896548
2021-05-04,-0.0288927336144712,-0.08587959150057645,-0.019907183879591117
2021-05-05,-0.02381502253655776,-0.10161510539504715,-0.00048200806472398217
2021-05-06,-0.015255917876241476,-0.08735601923814396,-0.0007685280972195008
2021-05-07,0.007473136094970245,-0.07613360619652842,0.01105156499588733
2021-05-10,-0.022862756480385826,-0.08100797051989639,-0.034569354223050075
2021-05-11,0.04076401318489742,-0.015089407942979194,0.006970214047518075
2021-05-12,-0.035137344855849295,-0.0265129346683447,-0.03241643714161779
2021-05-13,0.001587819936815782,-0.009861744587074117,0.004591159549887758
2021-05-14,0.061104255454086154,0.04284658187402157,0.027183787943156013
2021-05-17,0.00337775821840558,0.07085168682906584,-0.008077114752835346
2021-05-18,0.012721305049541609,0.041998285933597,-0.006257901737861782
2021-05-19,-0.007671143670826108,0.07166026362888434,0.012258980524334495
2021-05-20,0.045899634066252526,0.11907219243490963,0.026096251727080633
2021-05-21,-0.02559205992201008,0.027639672750556565,-0.0051542337606178545
2021-05-24,0.016308482179672623,0.0408830647144951,0.019141409806168186
2021-05-25,-0.0008707512794586814,0.02691304040774889,0.0041173537050416265
2021-05-26,0.014846828410717938,0.05021579838620305,0.002560598355921595
2021-05-27,0.0011654804387044582,0.005297038175497759,-0.004209191615374253
2021-05-28,0.015623583058990143,0.047819232536908896,0.005607342691020367
2021-06-01,-0.011492165332314674,0.019156623052862587,-0.004847000447362304
2021-06-02,-0.0018613934665825393,0.01814612361309975,0.0026103691020296083
2021-06-03,-0.024762238845237428,-0.021591713819703928,-0.017170983239826132
2021-06-04,0.05325848629908969,0.02931718144454898,0.025583745814731218
2021-06-07,0.019821439470563584,0.033571637329332216,-0.0011343043569399525
2021-06-08,-0.004085664745001494,0.04131578327379337,-0.0011158241633729693
2021-06-09,-0.02235833283850852,0.019932193522746333,-0.0029001359140797822
2021-06-10,0.038575652455803855,0.08617281399593613,0.015068463309136693
2021-06-11,0.05743143981669374,0.0904761723109655,0.0061154160180691974
2021-06-14,-0.0013373096139117635,0.06785151389575783,0.01135078958407898
2021-06-15,-0.018884434951087714,0.05198379454586188,-0.008802136762902646
2021-06-16,0.007882970953386081,0.08452471683222385,-0.004775345052843716
2021-06-17,0.03073273649900954,0.07633481156430366,0.014551921821504221
2021-06-18,0.0034588496718634953,0.021397370274262695,-0.00873732745654432
2021-06-21,-0.013333663864329215,0.009127917532899099,0.00471797391449158
2021-06-22,0.014624221791426972,0.04359329776179499,0.010418474062140914
2021-06-23,0.006059040619862399,0.0417047437069038,0.0005110907150533972
2021-06-24,-0.009338903231056128,0.0012065469224422642,0.013387503988494531
2021-06-25,-0.002490607099578712,-0.0047295560599051045,-0.00020688788638723032
2021-06-28,0.04400350116021201,0.053107610972410235,0.017457123569188493
2021-06-29,0.015095473578899066,0.05359673673287668,0.007393769344672174
2021-06-30,-0.019507035170168385,0.026822628121074388,-0.004608254166464154
2021-07-01,-0.001421046933579917,0.03502950536595306,-0.008505708775879639
2021-07-02,0.006235778290211824,0.044084123215079485,0.00794547550603597
2021-07-06,0.0314484301681186,0.03152808267104379,-1.2606965033024053e-05
2021-07-07,-0.017974649837567247,-0.0020773878382588373,-0.00725945213491519
2021-07-08,-0.020055326909800608,-0.0026354262379894022,-0.010158317359032498
2021-07-09,-0.0024093240326178433,-0.0036225014858840554,0.012079565771615952
2021-07-12,-0.01547728176717289,-0.025122834640231684,0.0010674304568660808
2021-07-13,-0.0019254602188005787,-0.056666286262068155,-0.0017586869013835882
2021-07-14,-0.04698863238606976,-0.08453712269544478,-0.003666053845505668
2021-07-15,-0.0105376665853113,-0.07564573837025801,-0.010892211936598395
2021-07-16,0.01446148846000872,-0.06001346774022909,-0.011940680350417843
2021-07-19,-0.021465836913192926,-0.0657311226817604,-0.005657765882717936
2021-07-20,0.004545413032401191,-0.0596739242995693,0.015857600370034364
2021-07-21,-0.007981777795389111,-0.021186280028854698,0.018592230494187456
2021-07-22,0.023854756490961915,0.012836011101655442,0.0029948886449957524
2021-07-23,-0.005976932329496254,-0.007569661091070157,0.00987534230285636
2021-07-26,0.03872171933496604,0.0534726193920505,-0.002617219606255161
2021-07-27,-0.015007787649876647,0.03296706407018957,-0.015253368403230105
2021-07-28,0.005305495032154495,0.04680281314712187,0.013564924655848243
2021-07-29,0.044737338537402804,0.06815344466336337,0.012239881907658567
2021-07-30,-0.020517027966330925,0.0525290052058196,0.00788045046399155
2021-08-02,0.0022744917685271204,0.015597300150518745,0.0013965697661768584
2021-08-03,-0.010766272599384008,0.01997060501508252,0.004909710621405772
2021-08-04,0.06855522128337288,0.08414300024249544,0.00889603930769467
2021-08-05,-0.004743107394711621,0.032796238594942295,0.002108170035668655
2021-08-06,-0.03815087723112143,0.01420257876355957,-0.005605639340579116
2021-08-09,-0.00033902230265381306,0.011557961213780832,-0.0026929398939204985
2021-08-10,-0.02814735912766886,-0.006215367742998357,-0.011610658510229577
2021-08-11,-0.03755198145959793,-0.10489787413803153,0.001021319662254827
2021-08-12,0.01199238013790449,-0.08984651345007089,-0.0024022980685840523
2021-08-13,-0.020999822038257454,-0.07361726053267093,0.0031402629447427888
2021-08-16,-0.019226401193625287,-0.09112013619625703,-0.005400180431369805
2021-08-17,-0.008237407327634672,-0.07250028219852389,-0.012330352988332405
2021-08-18,-0.01334148218770248,-0.04916891176610261,-0.008957023309649537
2021-08-19,-0.025078426588005298,-0.0839992881530296,0.008604072439860388
2021-08-20,0.013478489689322748,-0.051739684123642604,0.008353887464340293
2021-08-23,0.013180557603992282,-0.020407037095398373,0.02057998191452093
2021-08-24,-0.0030764366555021683,-0.015309395190438835,0.006165696856993641
2021-08-25,-0.007376957430198394,-0.0093567668141179,0.004183518240814754
2021-08-26,0.008556921691245334,0.024820987661122507,-0.004076660525888731
2021-08-27,0.0005284111006109704,0.011725976307066732,0.01716358569297305
2021-08-30,0.01962971300528249,0.018165872923476822,0.0051603190746418726
2021-08-31,-0.16690647482014387,-0.14915503306392364,-0.009739954319659794
2021-09-01,0.004697704150474991,-0.1388050163982063,-0.0007932973215102335
2021-09-02,0.014543117648910364,-0.13369347354056216,0.002864725252444078
2021-09-03,0.010844190744328408,-0.12476156602877131,0.005672562736650066
2021-09-07,0.005598521111392696,-0.13680577998538668,-0.0030847310689634533
2021-09-08,-0.02120277881297039,0.014162369960330379,-0.007617415928480642
2021-09-09,0.007697476842865036,0.01719040174590014,0.001395995694867258
2021-09-10,0.01906312082634498,0.02172219913131035,-0.0005348227170256514
2021-09-13,-0.037346632721807604,-0.02698722075813209,-0.0014309906550302731
2021-09-14,-0.03031969435315429,-0.061741530674918055,-0.0005469214062142624
2021-09-15,-0.008243346020798015,-0.049318837484025324,0.00836464383497404
2021-09-16,-0.0032243977938826163,-0.059622743879670814,0.00395103950081821
2021-09-17,0.03400183816250446,-0.04583750356291438,-0.013419098494940718
2021-09-20,-0.024367281098853444,-0.03297263343660073,-0.022554057382962234
2021-09-21,-0.008657936641261577,-0.01137013992066549,0.0014653185413684433
2021-09-22,-0.0010421867363475945,-0.004191684331554257,0.012710587876350044
2021-09-23,-0.006332108970421801,-0.007296379736863257,0.010711015214288633
2021-09-24,-0.013867327042934141,-0.053253641943339924,0.0008751551786734257
2021-09-27,0.0019093095873785604,-0.027755043902926824,-0.009180880234930466
2021-09-28,-0.040274076655395175,-0.05876213398428143,-0.03702822709388853
2021-09-29,-0.017106459718756795,-0.0738982106236521,-0.011168558314962551
2021-09-30,0.015889034146704617,-0.05318803110739956,0.0007185298842233845
2021-10-01,0.022982828931644272,-0.017807225168106622,0.005286616131100708
2021-10-04,-0.029643837254191507,-0.04873943884697063,-0.027596587775038928
2021-10-05,-0.009476814786694931,-0.018213827425429985,0.014569676172284884
2021-10-06,-0.013495649061138204,-0.014607084853472174,0.006458552539677864
2021-10-07,0.010329174769295513,-0.020000042012726982,0.01174239814960698
2021-10-08,-0.004760549476001907,-0.04657772142726091,-0.007519633299766237
2021-10-11,-0.0042344709591535246,-0.021611779188534075,-0.006088091905056547
2021-10-12,0.0059849756473404625,-0.006339412161549429,-0.002206641610832394
2021-10-13,0.042075950174491616,0.04963531102243457,0.014819158393531762
2021-10-14,0.002892200869494266,0.041909006955083816,0.02239011543695857
2021-10-15,-0.002584181926407636,0.04418743045525053,0.003863087420217237
2021-10-18,0.029701124378836985,0.07977323962769445,0.01237287624767447
2021-10-19,0.007913003038403588,0.0818426864211712,0.010827106543625842
2021-10-20,-0.002496390942992033,0.035569416947343724,-0.0010100258262886186
2021-10-21,-0.0033730829661745565,0.02909999149654441,0.013145862425993915
2021-10-22,0.010189925778468778,0.04227988486925427,-0.0055921447344279285
2021-10-25,0.007961748251187117,0.020274941967861393,0.004698475557233017
2021-10-26,-0.003895765769332704,0.008321339946947948,-0.0030062856099482005
2021-10-27,-0.021133887299804366,-0.010518276400428683,-0.009633612326298668
2021-10-28,0.013819101379751064,0.00655065070589278,0.01074546920548558
2021-10-29,-0.006978063379423083,-0.010555489651695282,0.008062302086460749
2021-11-01,0.015619911306237855,-0.0030380145021483562,0.0043821630194962324
2021-11-02,0.0048397723227209255,0.005705045813594989,0.007118114732550973
2021-11-03,0.019158710455163597,0.04710240173934843,0.007585888284944442
2021-11-04,-0.012112271269066888,0.020319711864969614,0.023088424924194717
2021-11-05,-0.062012754227527944,-0.03622786058827765,0.0007278204075633621
2021-11-08,-0.018133804643698404,-0.06825843686196076,0.00954154633844917
2021-11-09,-0.005771450693444202,-0.07809773442184353,0.00317637119602443
2021-11-10,-0.02763157723799614,-0.12042291085301271,-0.02630665358235762
2021-11-11,-0.014566538578909105,-0.12260809570104458,0.01107340720788419
2021-11-12,0.02976573075731781,-0.036758634445086424,0.014037943691991739
2021-11-15,0.03427850410844857,0.01465947536771095,-0.0075920711886271475
2021-11-16,0.0029577900139203805,0.02356809783954672,0.014746372982676226
2021-11-17,-0.0029490672921334005,0.0495502555935281,-0.005466039764366659
2021-11-18,-0.03018464113231778,0.032915968075853286,0.003927950249417389
2021-11-19,-0.01739979256399682,-0.014393843006529017,0.0006615581988109742
2021-11-22,-0.03589337112185853,-0.0812634840171832,-0.022273702237962434
2021-11-23,-0.14710252422493375,-0.21872279852051646,-0.009096097154335236
2021-11-24,0.008033312364559286,-0.21011713700183843,0.005873397496596766
2021-11-26,0.057177165086982784,-0.13896380561537736,-0.020130883410609646
2021-11-29,-0.005585627123323,-0.1286112492309125,0.028526334801625808
2021-11-30,-0.034569331505734824,-0.12741454215256243,-0.023159499166300446
2021-12-01,-0.06480297389398137,-0.043215218264410105,-0.018101405457774722
2021-12-02,-0.03014519504059654,-0.07945272592072661,0.010324687349941852
2021-12-03,-0.04083442936664761,-0.16479727277823375,-0.020901546371180135
2021-12-06,0.010439311592324252,-0.15133802190261292,0.007693154216643405
2021-12-07,0.017326739583273465,-0.10571877260471063,0.03963448058072472
2021-12-08,0.030678108149029715,-0.014415082730942386,0.003553535574366551
2021-12-09,-0.033819133312373295,-0.018148608748573714,-0.02060664590422656
2021-12-10,-0.01604081480813291,0.007231414986384577,0.007413135123279346
2021-12-13,-0.0036706757127192846,-0.006833776574999284,-0.015168918312330248
2021-12-14,-0.014249362184792003,-0.03765997677526067,-0.014247197285474189
2021-12-15,0.009838371232897325,-0.057117955701275314,0.030447343181523978
2021-12-16,-0.0072388932780851345,-0.031178680845418194,-0.034366225380810245
2021-12-17,0.09506585623309016,0.07821865313448884,0.002721191325241401
2021-12-20,-0.00886154112237425,0.07260114517385108,-0.011509420891480104
2021-12-21,0.007324326611614751,0.09607560455633446,0.034898678283807216
2021-12-22,-0.031541436886405094,0.051162082261260844,0.008152620451123083
2021-12-23,-0.007663288711798888,0.05071272099520785,0.008054134365943044
2021-12-27,-0.02196708368982292,-0.06158006765539392,0.01879552316179356
2021-12-28,-0.019579588781175716,-0.07172802374442366,-0.010975014346064516
2021-12-29,-0.010665542081401025,-0.0883060915256485,-8.706189463669745e-05
2021-12-30,0.04790719339325733,-0.013514216042894156,-0.00204203706166306
2021-12-31,-0.03469452268591522,-0.04038607086288537,-0.0064106240668505565
2022-01-03,0.0019030549603467062,-0.01696547104753887,-0.0010411823360240158
2022-01-04,-0.023933509903348527,-0.021331001130812544,-0.016440445574727458
2022-01-05,-0.027634145410273536,-0.038116675479013984,-0.03864092798430885
2022-01-06,0.00829138213493219,-0.07448038065920493,0.008085456532721746
2022-01-07,-0.026824679172129606,-0.06693489920869344,-0.019534463169367466
2022-01-10,0.005594355599842116,-0.06349721750267445,0.005767631459732581
2022-01-11,0.019761263968211873,-0.021573559917364094,0.017303594041439663
2022-01-12,-0.0302324673939528,-0.024188076785351287,0.0022816900115232297
2022-01-13,-0.05010247933647827,-0.08070093336228212,-0.033752450287472646
2022-01-14,-0.01468232444909745,-0.06923079522296771,0.014108982685903548
2022-01-18,-0.012647159134876684,-0.08611497925703071,-0.033864319432204026
2022-01-19,-0.002980350220662231,-0.10649545583431674,-0.011958768965013578
2022-01-20,-0.00903134393901528,-0.08696159899596889,-0.014868457539882973
2022-01-21,-0.05230725899613409,-0.08908082601912415,-0.02517257782692106
2022-01-24,0.03582549881441088,-0.042386703109938306,0.01646745979426978
2022-01-25,-0.04615886040836492,-0.07488901577131835,-0.040754269119865794
2022-01-26,-0.038110888901602524,-0.10748581285831782,0.0030387747068814086
2022-01-27,-0.025083761323531628,-0.1219433945042897,-0.023013650427889942
2022-01-28,0.051165851362594994,-0.026073452580467227,0.03375710238599461
2022-01-31,0.07280440441171154,0.00869566431900437,0.05024599279865005
2022-02-01,0.009074370673849419,0.06710530760909328,0.00606703528720498
2022-02-02,-0.04862533672644076,0.05544073738888211,0.008773885343081211
2022-02-03,-0.06866516863841343,0.008259665981855457,-0.04734979060562006
2022-02-04,0.044657123046855096,0.002016609066443298,0.015671375236304463
2022-02-07,-0.018459427824024766,-0.08322528156263931,-0.005355754053920969
2022-02-08,0.00883766953071019,-0.08344033174145837,0.017233669058921652
2022-02-09,0.04842668402747341,0.01006012752024743,0.03400363338062018
2022-02-10,-0.025935860457971693,0.05640132406552367,-0.02169880486386322
2022-02-11,-0.030743862819173295,-0.019847331639229915,-0.042477928646934116
2022-02-14,0.006018060122262581,0.004595545003285961,0.001773434427410514
2022-02-15,0.03385176777086785,0.029504459899402535,0.037109199687963335
2022-02-16,-0.057113680995525384,-0.07413109053622624,-0.0062587834250338314
2022-02-17,-0.06591574605522665,-0.11213283146451924,-0.04201041320916332
2022-02-18,-0.018704635237352107,-0.10110454441594152,-0.01799044687227125
2022-02-22,-0.002756761788319073,-0.1089450075762377,-0.004178969623681139
2022-02-23,-0.05141775613970112,-0.1824370084130048,-0.024968913969217965
2022-02-24,0.05720235498639381,-0.08331523892713222,0.05231818233344798
2022-02-25,-0.012995207608219372,-0.031380468656386995,0.010199842952281601
2022-02-28,0.05809133758713281,0.04442349605949847,0.004291230702169191
2022-03-01,-0.07405736706039556,-0.030250389484174134,-0.01862622505949285
2022-03-02,-0.00952922447123039,0.012572873900209558,0.02123127676540304
2022-03-03,-0.06989556744790015,-0.10915964776797693,-0.025911688709174263
2022-03-04,-0.03686675047691301,-0.1307053725926116,-0.02437602505863712
2022-03-07,-0.009730174079612408,-0.1864253975282606,-0.04965432216822141
2022-03-08,0.005654436650740946,-0.11638704233263863,-0.0004057475383552056
2022-03-09,0.00543832591854243,-0.10303427938828846,0.046715373961805806
2022-03-10,-0.05271360380893386,-0.0864644923218384,-0.019193108613765664
2022-03-11,-0.050420971568267636,-0.09932072197853847,-0.03233919168881472
2022-03-14,-0.03546680859683138,-0.12272894142431068,-0.03321166379041951
2022-03-15,0.04575234424112118,-0.08774999382911419,0.03314725219017056
2022-03-16,0.07951899585852695,-0.020535436886345293,0.0566521319879536
2022-03-17,0.041651111289476184,0.07703473283090934,0.014250226341133487
2022-03-18,0.04483779156006196,0.18507944888278582,0.029435983160170043
2022-03-21,0.005073993579970626,0.23489014687551912,-0.0074595514895161585
2022-03-22,0.025070593277293884,0.21046783443605044,0.020881894116087762
2022-03-23,-0.02495830898996121,0.09331712432085926,-0.023511010294706924
2022-03-24,0.008047277296917343,0.058046536358427714,0.03138695928787638
2022-03-25,-0.032441610996383985,-0.020209825411001914,-0.008389050243962304
2022-03-28,0.030896134763781724,0.004962729426110979,0.01641250112849324
2022-03-29,0.0750106889476605,0.05392319632647835,0.022820223874642664
2022-03-30,-0.030651058776368645,0.0477698993894391,-0.02185197169764108
2022-03-31,-0.0421602750097837,-0.004416107372113842,-0.013842849460386608
2022-04-01,0.006738831898925213,0.0358992041335473,-0.0021513564790290873
2022-04-04,0.053041876921611,0.05815242237992169,0.023290248725741147
2022-04-05,-0.018184761493632684,-0.03358154143375691,-0.035682296688557824
2022-04-06,-0.048598594233060455,-0.05147481888369587,-0.02689081900971002
2022-04-07,-0.015246762846943929,-0.024823028054082763,0.0029314955392416575
2022-04-08,-0.029916009255379183,-0.06032871818087604,-0.019891317584060597
2022-04-11,-0.01668168123234326,-0.12254583100363015,-0.01810783098327573
2022-04-12,-0.02265017103695821,-0.1265365943024641,-0.006850333880006221
2022-04-13,0.07796957605392385,-0.010336781687454666,0.028104638307785645
2022-04-14,-0.03986423409683948,-0.03507699568697609,-0.02957013422099275
2022-04-18,-0.04142869908411295,-0.04652843634907666,-0.0011292734736203514
2022-04-19,0.051446969465754,0.019532298888676136,0.02670818193772817
2022-04-20,-0.06727831747078505,-0.02702200068806293,-0.014866305044389683
2022-04-21,-0.026518805023423075,-0.12133347128089755,-0.034723702204973894
2022-04-22,-0.007726585466830582,-0.09192275962350871,-0.02558191215977146
2022-04-25,0.022661518558005467,-0.031208582268129614,0.024234253578277354
2022-04-26,-0.0398282090376596,-0.11530850566320261,-0.03996389165284975
2022-04-27,-0.00752336172405077,-0.058630611191770377,-0.0031035817850550984
2022-04-28,0.050604329778967116,0.015948495879370972,0.04965205466059475
2022-04-29,-0.029153646011558343,-0.005989802187169491,-0.047297975312212914
2022-05-02,0.05242544176661745,0.02294024226976399,0.02546724006721468
2022-05-03,-0.012024068376964459,0.05256199813810514,-0.0031718094398826002
2022-05-04,0.052641791189961484,0.11636959937239189,0.033302390236527035
2022-05-05,-0.0746926662534837,-0.016770683128385366,-0.05830213397553918
2022-05-06,-0.044228473288795755,-0.03203778699591653,-0.026169815222776616
2022-05-09,-0.04191742094477047,-0.11880908931065715,-0.05746012660968114
2022-05-10,-0.01797699911791839,-0.1241185996873666,0.020769286842132306
2022-05-11,-0.06484337487460679,-0.22187556946553721,-0.03616082955496114
2022-05-12,0.0020046953163617154,-0.15737798188737484,0.009052547207619277
2022-05-13,0.11615858509347232,-0.01597842871356514,0.056695716497599635
2022-05-16,-0.062420902546789225,-0.037037018676401745,-0.025544905583772093
2022-05-17,0.022717097549001197,0.0028672489562797665,0.030392042609221015
2022-05-18,-0.0687266310997402,-0.0012971769621805684,-0.0510803561272799
2022-05-19,0.0737985573246871,0.07026010515401193,0.013768039836702828
2022-05-20,-0.013195563508038077,-0.05377476456189545,0.0067120852389341845
2022-05-23,-0.004568710078835081,0.004610927469098414,0.007517101855190944
2022-05-24,0.0560841196030768,0.037387220202408145,-0.03132803414334484
2022-05-25,0.08479966409312745,0.20840705381601254,0.025464605182132338
2022-05-26,0.04553453028006449,0.17659992442755224,0.035754399529511094
2022-05-27,0.031962599709769224,0.23044351234072002,0.04105277416195574
2022-05-31,-0.026897312714667443,0.20284333086051998,-0.013362719668970069
2022-06-01,0.0018613735069072934,0.14108549612739885,-0.009310747972965605
2022-06-02,0.042638144661681254,0.09673638733767964,0.04356571333869952
2022-06-03,-0.025124730474843537,0.022616805317245747,-0.028149494507274997
2022-06-06,0.014531200821537027,0.005343270938860556,0.00199126935761762
2022-06-07,0.03630302406760877,0.07063754474503336,0.016357101854909573
2022-06-08,0.0036508880876462424,0.07254990662230743,-0.011600310673359204
2022-06-09,-0.043824680397682725,-0.016393410307472878,-0.029253218865289088
2022-06-10,-0.012047117868408064,-0.0031986700783954714,-0.04442627397741861
2022-06-13,-0.0527184378480644,-0.06927305912461079,-0.06016858742715159
2022-06-14,0.034262494444283975,-0.07110570445129161,0.005482149867133801
2022-06-15,0.05680329084928171,-0.021912340198841362,0.026348287356629196
2022-06-16,-0.060568528723998094,-0.0390399015255265,-0.05506107754279188
2022-06-17,0.0368555358382352,0.008526637093407174,0.014786164420225845
2022-06-21,0.034727269952947504,0.10162601656033488,0.02506791197920899
2022-06-22,0.011860819519774468,0.07776527710209247,-0.004110427245817561
2022-06-23,0.021707042109462282,0.04197288453874459,0.021639970273307663
2022-06-24,0.04223677486225008,0.15599965711231611,0.04633154739255141
2022-06-27,-0.022994126784562252,0.08927272449840218,-0.011556582030541662
2022-06-28,-0.055833771143760313,-0.00606222494514419,-0.03458311471257647
2022-06-29,-0.011137580990243201,-0.028653255837709057,-0.00628884599206736
2022-06-30,-0.0348619060528097,-0.08243390073241408,-0.017307995199779214
2022-07-01,0.027785495656961645,-0.09515654131624485,0.0006497861371350666
2022-07-05,0.0851581224140705,0.005007498544894684,0.024789077686526717
2022-07-06,-0.027902347296481333,0.03473879961627091,0.0032837348891230356
2022-07-07,0.031436873243857466,0.07928841422557742,0.030989090067763625
2022-07-08,-0.007785281005821432,0.1095674881662061,0.00018101681054560892
2022-07-11,-0.09532558854281503,-0.02333967683873428,-0.026887217252015372
2022-07-12,-0.0035984443581090764,-0.10322206024066638,-0.018692858635687037
2022-07-13,-0.06463557612385917,-0.1371091385366685,-0.0007962159301810878
2022-07-14,-0.036234071722651695,-0.1937220457469222,-0.0012791139505329285
2022-07-15,0.025680534557630974,-0.16652757987842148,0.024673707338117135
2022-07-18,-0.009313974155110483,-0.08728547078990012,-0.007241177686008071
2022-07-19,0.031945043677744644,-0.054727253908925744,0.03768371478694643
2022-07-20,0.04907909891231799,0.06019200151545556,0.0314291877952535
2022-07-21,0.03511067573825377,0.1386748866112073,0.016168530186479346
2022-07-22,-0.038791118462371044,0.067100697847013,-0.024383425949596416
2022-07-25,-0.004223412151552197,0.072583910615456,-0.010587581596420703
2022-07-26,-0.054382627012702245,-0.01714341662039054,-0.029112800984586462
2022-07-27,0.055616482898613206,-0.011018701243187379,0.04704594753707125
2022-07-28,0.002926990349115144,-0.04176813096212073,0.013932787468850183
2022-07-29,-0.022218043525041642,-0.025246385399909865,0.011408720057446642
2022-08-01,0.014731357310856508,-0.006691791655829782,0.004119236661636716
2022-08-02,0.026283369280795554,0.07804247670840847,0.0012518596390496128
2022-08-03,0.044471129768265616,0.06666034665731524,0.027446052090836837
2022-08-04,-0.0009737152267234039,0.06251176156411331,0.0017757062362582232
2022-08-05,0.008771910848977438,0.09618715390970123,0.0012572761021663048
2022-08-08,0.00781729821323407,0.08871808073128706,-0.003413079060484603
2022-08-09,-0.08236009346507167,-0.0265347878088823,-0.029215690862605337
2022-08-10,0.0638237359888949,-0.008497823086654144,0.03953650656664176
2022-08-11,-0.035264748703714766,-0.04253059565655837,-0.009401766178414261
2022-08-12,0.013511004233375035,-0.038032515494841435,0.02518769855448033
2022-08-15,0.03387515364850091,-0.01316014062183224,0.006394464534124289
2022-08-16,-0.0356795972423678,0.037040568828637266,-0.010182994807423018
2022-08-17,-0.06236839486877632,-0.0859745085184459,-0.023054698101769855
2022-08-18,0.007814056194762165,-0.045160071845937955,0.00646437115995302
2022-08-19,-0.03566582956281672,-0.09149011094040038,-0.02880004533446523
2022-08-22,-0.020703493051193456,-0.13945067956725832,-0.03128977406983424
2022-08-23,-0.16543516361543087,-0.25524317358210225,0.0010834145164444475
2022-08-24,0.02816036552042811,-0.18333656130704523,0.004515303941659443
2022-08-25,0.025236222879423398,-0.1692188314870242,0.023842415885343415
2022-08-26,-0.05027995213738745,-0.1818090084210111,-0.045590074232755184
2022-08-29,-0.005036281091585382,-0.16871923265080102,-0.015919174559172355
2022-08-30,0.0051851625795718,0.001229691029222657,-0.007878729646142668
2022-08-31,-0.01252759353973365,-0.038392525547658485,-0.0069077439445273114
2022-09-01,0.009203953354793626,-0.05342979194858577,-0.025602691895766472
2022-09-02,-0.004313513393564894,-0.007615805413243137,-0.009862118693605537
2022-09-06,-0.009530935310497646,-0.0120988068757234,-0.010360098127181194
2022-09-07,0.012496876305313487,-0.004912816689689792,0.02079607026371244
2022-09-08,-0.009750596381941756,-0.0021144050462560404,0.014821493811215447
2022-09-09,0.02978934674869227,0.018240120385339953,0.034509746442523026
2022-09-12,0.01767125436864081,0.04072287261102181,0.010917047948672431
2022-09-13,-0.06208374294748331,-0.014496326935491854,-0.058764476845427516
2022-09-14,0.009256856732045682,-0.017649967470075967,0.0053664684373244675
2022-09-15,0.007789958224773352,-0.0002493365527100888,-0.02184554408036643
2022-09-16,-0.019074913312061792,-0.04768823905139907,-0.011999576661828715
2022-09-19,-0.004575503418343008,-0.06850620850133027,0.006893752506179851
2022-09-20,-0.01570484374012171,-0.022444892959189167,-0.013031016695938646
2022-09-21,-0.014917550280374559,-0.045859958090571196,-0.014717070853054959
2022-09-22,-0.01843562655873121,-0.07068941819802266,-0.022260003475667367
2022-09-23,-0.0012074586286516809,-0.05376211668183395,-0.013357224518693367
2022-09-26,-0.015043588490220139,-0.06371294539342676,-0.0105868874206414
2022-09-27,0.012682398499299197,-0.03671026509400921,0.008387393331774629
2022-09-28,0.021949868119148785,-0.0006584547030584753,0.020846382108369088
2022-09-29,-0.018711268683169857,-0.0009390889987184181,-0.02242695997771116
2022-09-30,-0.011816904369377879,-0.011551385434568129,-0.015351569616789074
2022-10-03,0.004756164165419463,0.008318568050181163,0.03250092728419873
2022-10-04,0.04868810326283013,0.04416911776112942,0.03732069180931341
2022-10-05,-0.0002579864872935822,0.021478419640629243,0.005307962501294394
2022-10-06,0.010706938428756141,0.05210147965378731,-0.006941434866914564
2022-10-07,-0.02246333338234585,0.040766410508099815,-0.05046262089691278
2022-10-10,-0.03747219290266046,-0.0029754018587900832,-0.030089423090495893
2022-10-11,-0.00013567737472663932,-0.04939388426403435,-0.026876658236822393
2022-10-12,0.020485716388355835,-0.029669704875677105,-0.005194217885101882
2022-10-13,-0.006514196434693309,-0.04620287412491997,0.018645694928067336
2022-10-14,-0.032650907691681,-0.05614304253773639,-0.03729778668284944
2022-10-17,0.06086597690073914,0.040287590498154335,0.0363805759895901
2022-10-18,0.020080856258988256,0.061321453379492574,0.011638062234198276
2022-10-19,-0.024287376253966486,0.014756721514729731,-0.0069089635840933195
2022-10-20,0.047556624739148345,0.06998522002680718,0.004846196196977015
2022-10-21,0.012756431767631415,0.12021029646355541,0.024289166386550542
2022-10-24,-0.00456906311736216,0.05111485257730086,0.0049282316736360965
2022-10-25,0.043170769150101984,0.07490723161828505,0.02816423803530399
2022-10-26,-0.008562178887670746,0.09223111157666897,-0.01926606668932429
2022-10-27,-0.009116014288024332,0.03314159024788599,-0.013074035728207756
2022-10-28,0.019368096626313447,0.039886337288754126,0.029479679213137322
2022-10-31,-0.009143767384369728,0.03510732923491977,-0.013929826926488476
2022-11-01,-0.006591599181028807,-0.01427038887503762,-0.004297776053333036
2022-11-02,-0.05175534982647245,-0.05721487483885801,-0.042745793959063305
2022-11-03,-0.002671744129127407,-0.05108341834553065,-0.028094199014553234
2022-11-04,-0.01186376211783191,-0.08015675185115412,0.005946641839119415
2022-11-07,0.027756281323141563,-0.04590126700612451,0.020211963565668123
2022-11-08,-0.01632964504196699,-0.05525397351645589,0.017099570594099056
2022-11-09,-0.08262037316323612,-0.08600511790666476,-0.02814563476154386
2022-11-10,0.14462705385137897,0.048985891021607,0.1050037838148048
2022-11-11,0.07406051428036475,0.1402014038046706,0.035895594749771664
2022-11-14,-0.04495019513610543,0.05954023147128562,-0.015537444179280935
2022-11-15,0.03663312416340103,0.11658798579301699,0.029055975238279297
2022-11-16,-0.04505949601324011,0.16230518174399666,-0.03514108084024081
2022-11-17,-0.01089824745041168,0.004377878709239891,-0.00694148745658385
2022-11-18,-0.011502566780068335,-0.0756340616876976,-0.0031700837274818428
2022-11-21,-0.016903445170688536,-0.04848839848106756,-0.015560850503391177
2022-11-22,-0.03874907211032408,-0.11768070251853768,0.01805490173351454
2022-11-23,-0.013091407858127901,-0.0881437198844498,0.012801196282409943
2022-11-25,-0.009718910818249049,-0.08705648541980981,-0.009407205609726188
2022-11-28,-0.05053057176239717,-0.12310145917311344,-0.018676363375247695
2022-11-29,-0.01424775380979526,-0.12073264619353963,-0.0063639717174597266
2022-11-30,0.06886779979266477,-0.02229424739708108,0.05244834302256529
2022-12-01,0.026514649236489163,0.01694248654935948,0.012065603031422123
2022-12-02,-0.04029449482481118,-0.014456285745710895,-0.014880111855476774
2022-12-05,-0.01897451324235422,0.01829871846626885,-0.022341177152507163
2022-12-06,-0.01961591598414636,0.01275331627845988,-0.021297973739728415
2022-12-07,-0.022386993798701793,-0.07371069251092432,-0.003740355125398165
2022-12-08,0.03563758073404877,-0.06547849250731985,0.02386418596426587
2022-12-09,-0.002763915789873228,-0.02893276769103781,-0.004465659707645564
2022-12-12,0.021202864490710516,0.010836775020462763,0.02188535916445744
2022-12-13,0.004885338559159624,0.03609908754706059,0.019440749874174212
2022-12-14,-0.011208667074254608,0.047946162049993024,-0.00956913325207065
2022-12-15,-0.041245618985417676,-0.029850796626449627,-0.03896293135178841
2022-12-16,-0.0048432528870521185,-0.03187365486464788,-0.005837395345449137
2022-12-19,-0.01102210514934987,-0.06242374747067314,-0.017725818120501113
2022-12-20,-0.007671136306113935,-0.0741391663323333,-0.00039386316073231065
2022-12-21,0.019982537855419036,-0.0449330901485574,0.014779644134219394
2022-12-22,-0.05705702625993292,-0.06068368507162181,-0.03555783714000926
2022-12-23,-0.000758311342227258,-0.056827958574550363,-0.0004531428970170337
2022-12-27,-0.006526032920912916,-0.052540128033371714,-0.012684558530248968
2022-12-28,-0.0015276271848407852,-0.046674402890801714,-0.014127861109604511
2022-12-29,0.040391667151091104,-0.027599031842602928,0.03277885277513892
2022-12-30,-0.003823560826918704,0.027297472789187927,-0.0023935737081048902
2023-01-03,-0.015943227571871388,0.011686208523199682,-0.00668137910238753
2023-01-04,0.014851452285956857,0.03345558313528452,0.015344802536557012
2023-01-05,-0.03000737226177763,0.003978000823171346,-0.026462638445957642
2023-01-06,0.05928069531894464,0.022205913768094998,0.03204781922279487
2023-01-09,0.008200254313143196,0.03454390376555794,0.017555147235921442
2023-01-10,0.011130119276783867,0.06300625138773452,0.006609596783475613
2023-01-11,-0.011995462416026559,0.03488544799882609,0.016164154103852635
2023-01-12,-0.0014283455373491627,0.06537642084677908,0.007419395965548414
2023-01-13,-0.0060078068422056985,-0.0002877898409748836,0.0064452382847042244
2023-01-17,0.005468483155769865,-0.002996562200139552,0.004158753764673229
2023-01-18,-0.034206373203060414,-0.04769965035710422,-0.013791055107538086
2023-01-19,-0.00955845050939319,-0.04535070639734684,-0.014904871205425385
2023-01-20,0.03987433159322795,-0.005864735240052377,0.03428216222514946
2023-01-23,0.021151096700764427,0.02129807745619816,0.03421560982755856
2023-01-24,-0.02169932209439074,-0.00629744416931155,-0.007105923053006835
2023-01-25,-0.0077776308966411856,0.020895020192229552,-0.0026282920499528517
2023-01-26,0.039047793079389326,0.07099577783467681,0.026611755021195282
2023-01-27,0.03590387858455224,0.06690649677523597,0.0008030567638863673
2023-01-30,-0.008766035232676939,0.03564884790446987,-0.025624036004180728
2023-01-31,0.020408163265306145,0.08022468198677224,0.019018557152894022
2023-02-01,0.041466674804687464,0.13383656992873383,0.04237788130172082
2023-02-02,0.06055557150913926,0.15730642943279172,0.03551376821147789
2023-02-03,-0.039835774604614294,0.0726904825182948,-0.025086058306661108
2023-02-06,-0.031053572947859265,0.04857142441937712,-0.01661451367192268
2023-02-07,0.09848195143816607,0.1288000488281249,0.03020045686316397
2023-02-08,-0.0627215326989744,0.015875020536169293,-0.017370660716436226
2023-02-09,-0.032514201394674536,-0.07327378033752807,-0.004254534248652075
2023-02-10,-0.03334632891149092,-0.06701033152759506,-0.013195186598292108
2023-02-13,0.030588927374557873,-0.007655330741233257,0.01643544698651156
2023-02-14,0.018566920850122903,-0.07984882877173771,0.01839399951274645
2023-02-15,0.036842041860988495,0.017895377394473888,0.010549920405094726
2023-02-16,-0.035409101149226574,0.014849642684541475,-0.028364533765660283
2023-02-17,-0.02310361913938941,0.025603039338622846,-0.014922048260376797
2023-02-21,-0.04782550729809576,-0.052432033998687344,-0.0281174054147737
2023-02-22,0.012694882757673831,-0.05789476313080966,0.0060124814586210995
2023-02-23,0.016078489099186744,-0.07676113911011806,0.020817776802619425
2023-02-24,-0.008582531745576216,-0.05108462546343362,-0.021003416356799254
2023-02-27,-0.002840512425345554,-0.03140191000502224,0.006517849551584298
2023-02-28,0.0118013443133691,0.029253416330588866,0.003321512745937394
2023-03-01,-0.06663083302477535,-0.0513693510617218,-0.0062873754890838685
2023-03-02,0.014507246006759456,-0.05283629418708058,0.0143665428955293
2023-03-03,0.0025484965620194977,-0.042202120028445145,0.013517716654589673
2023-03-06,0.007343656127521303,-0.032419958628232215,-0.004309206065403415
2023-03-07,-0.023552506127153428,-0.066228650684385,-0.012525980382736335
2023-03-08,-0.010624520424376116,-0.010198205349934542,0.01355142546579624
2023-03-09,-0.018720081947066536,-0.042616375816017404,-0.022437197992616675
2023-03-10,-0.00739426175230784,-0.05211121224737125,-0.019881845635369322
2023-03-13,0.02309289867307429,-0.037291512600961196,0.005354227063316674
2023-03-14,0.004659963642884346,-0.009476003555637269,0.025686840765417163
2023-03-15,0.029569517012532964,0.030764693143576105,-0.0035309041717731526
2023-03-16,-0.006194600154413865,0.04392182003362488,0.033588424192152466
2023-03-17,-0.019832752076980875,0.03084028024610941,-0.00672480127581454
2023-03-20,0.0015898338845228288,0.009174383276704612,-0.00027409457939653326
2023-03-21,0.03679646912077006,0.041455293504995216,0.011490871494078903
2023-03-22,-0.04314542157210555,-0.032099096416730144,-0.01792009177018028
2023-03-23,0.006400035511363589,-0.019832752076980986,0.024056942730256603
2023-03-24,-0.0021679653213761974,-0.0021679653213763084,-0.01006999736426406
2023-03-27,-0.006807665331264756,-0.010533958510627772,-0.007582793264990562
2023-03-28,-0.0004374913144288284,-0.04606816463309937,-0.0062026294066674925
2023-03-29,0.03005540605598478,0.026909068714488615,0.025247217852474968
